section_id,lon,lat,datetime,individuals,bss,season
s001,-68.02,42.83433,2019-01-25 10:18:13,,2,winter
s001,-68.02117,42.83433,2019-01-25 10:18:15,,2,winter
s001,-68.02583,42.83433,2019-01-25 10:18:23,,2,winter
s001,-68.03133,42.83433,2019-01-25 10:18:32,1,2,winter
s001,-68.03483,42.83433,2019-01-25 10:18:38,,2,winter
s001,-68.03967,42.83433,2019-01-25 10:18:46,,2,winter
s001,-68.04433,42.83433,2019-01-25 10:18:54,,2,winter
s001,-68.04917,42.8345,2019-01-25 10:19:02,,2,winter
s001,-68.0545,42.8345,2019-01-25 10:19:11,,2,winter
s001,-68.05867,42.8345,2019-01-25 10:19:18,,2,winter
s001,-68.0635,42.8345,2019-01-25 10:19:26,,2,winter
s001,-68.06883,42.8345,2019-01-25 10:19:35,,2,winter
s001,-68.073,42.8345,2019-01-25 10:19:42,,2,winter
s001,-68.07833,42.8345,2019-01-25 10:19:51,,2,winter
s001,-68.08317,42.8345,2019-01-25 10:19:59,,2,winter
s001,-68.0885,42.8345,2019-01-25 10:20:08,,2,winter
s001,-68.092,42.83467,2019-01-25 10:20:14,,2,winter
s001,-68.09683,42.83467,2019-01-25 10:20:22,,2,winter
s001,-68.1015,42.83467,2019-01-25 10:20:30,,2,winter
s001,-68.10633,42.83467,2019-01-25 10:20:38,,2,winter
s001,-68.111,42.83467,2019-01-25 10:20:46,,2,winter
s001,-68.11583,42.83467,2019-01-25 10:20:54,,2,winter
s001,-68.1205,42.83467,2019-01-25 10:21:02,,2,winter
s001,-68.12583,42.83467,2019-01-25 10:21:11,,2,winter
s001,-68.13067,42.83483,2019-01-25 10:21:19,,2,winter
s001,-68.1355,42.83483,2019-01-25 10:21:27,,2,winter
s001,-68.14033,42.83483,2019-01-25 10:21:35,,2,winter
s001,-68.1445,42.83483,2019-01-25 10:21:42,,2,winter
s001,-68.14933,42.83483,2019-01-25 10:21:50,,2,winter
s001,-68.15417,42.83483,2019-01-25 10:21:58,,2,winter
s001,-68.15883,42.83483,2019-01-25 10:22:06,,2,winter
s001,-68.16367,42.83483,2019-01-25 10:22:14,,2,winter
s001,-68.1685,42.83483,2019-01-25 10:22:22,,2,winter
s001,-68.174,42.83483,2019-01-25 10:22:31,,2,winter
s001,-68.17883,42.835,2019-01-25 10:22:39,,2,winter
s001,-68.18367,42.835,2019-01-25 10:22:47,,2,winter
s001,-68.1885,42.835,2019-01-25 10:22:55,,2,winter
s001,-68.19333,42.835,2019-01-25 10:23:03,,2,winter
s001,-68.19883,42.835,2019-01-25 10:23:12,,2,winter
s001,-68.20267,42.835,2019-01-25 10:23:18,,2,winter
s001,-68.20833,42.835,2019-01-25 10:23:27,,2,winter
s001,-68.21217,42.835,2019-01-25 10:23:34,,2,winter
s001,-68.214,42.835,2019-01-25 10:23:36,,2,winter
s001,-68.21767,42.835,2019-01-25 10:23:42,,2,winter
s001,-68.22267,42.835,2019-01-25 10:23:50,,2,winter
s001,-68.22833,42.83517,2019-01-25 10:23:59,,2,winter
s001,-68.23333,42.83517,2019-01-25 10:24:07,,2,winter
s001,-68.23833,42.83517,2019-01-25 10:24:15,,2,winter
s001,-68.24333,42.83517,2019-01-25 10:24:23,,2,winter
s001,-68.24817,42.83517,2019-01-25 10:24:31,,2,winter
s001,-68.2525,42.83517,2019-01-25 10:24:38,,2,winter
s001,-68.2575,42.83517,2019-01-25 10:24:46,,2,winter
s001,-68.2625,42.83517,2019-01-25 10:24:54,,2,winter
s001,-68.2675,42.83517,2019-01-25 10:25:02,,2,winter
s001,-68.2725,42.83517,2019-01-25 10:25:10,,2,winter
s001,-68.278,42.83533,2019-01-25 10:25:19,,2,winter
s001,-68.283,42.83533,2019-01-25 10:25:27,,2,winter
s001,-68.2885,42.83533,2019-01-25 10:25:36,,2,winter
s001,-68.29217,42.83533,2019-01-25 10:25:42,,2,winter
s001,-68.29783,42.83533,2019-01-25 10:25:51,,2,winter
s001,-68.302,42.83533,2019-01-25 10:25:58,,2,winter
s001,-68.30767,42.83533,2019-01-25 10:26:07,,2,winter
s001,-68.3125,42.83533,2019-01-25 10:26:15,,2,winter
s001,-68.3175,42.83533,2019-01-25 10:26:23,,2,winter
s001,-68.32233,42.83533,2019-01-25 10:26:31,,2,winter
s001,-68.32717,42.83533,2019-01-25 10:26:39,,2,winter
s001,-68.332,42.83533,2019-01-25 10:26:47,,2,winter
s001,-68.337,42.83533,2019-01-25 10:26:55,2,2,winter
s001,-68.34183,42.83533,2019-01-25 10:27:03,,2,winter
s001,-68.346,42.83533,2019-01-25 10:27:10,,2,winter
s001,-68.351,42.83533,2019-01-25 10:27:18,,2,winter
s001,-68.35583,42.83533,2019-01-25 10:27:26,,2,winter
s001,-68.36133,42.83533,2019-01-25 10:27:35,,2,winter
s001,-68.36567,42.83533,2019-01-25 10:27:42,,2,winter
s001,-68.3705,42.83533,2019-01-25 10:27:50,,2,winter
s001,-68.376,42.83533,2019-01-25 10:27:59,,2,winter
s001,-68.38033,42.83533,2019-01-25 10:28:06,,2,winter
s001,-68.38517,42.83533,2019-01-25 10:28:14,,2,winter
s001,-68.39017,42.83533,2019-01-25 10:28:22,,2,winter
s001,-68.395,42.83533,2019-01-25 10:28:30,,2,winter
s001,-68.4005,42.83533,2019-01-25 10:28:39,,2,winter
s001,-68.40533,42.83533,2019-01-25 10:28:47,5,2,winter
s001,-68.40783,42.83533,2019-01-25 10:28:51,,3,winter
s001,-68.41017,42.83533,2019-01-25 10:28:55,,3,winter
s001,-68.41567,42.83533,2019-01-25 10:29:04,,3,winter
s001,-68.4195,42.83533,2019-01-25 10:29:10,,3,winter
s001,-68.42433,42.83533,2019-01-25 10:29:18,,3,winter
s001,-68.42917,42.83533,2019-01-25 10:29:26,,3,winter
s001,-68.43483,42.83533,2019-01-25 10:29:35,,3,winter
s001,-68.43967,42.83533,2019-01-25 10:29:43,,3,winter
s001,-68.44467,42.83533,2019-01-25 10:29:51,,3,winter
s001,-68.45083,42.83533,2019-01-25 10:30:01,,3,winter
s001,-68.4545,42.83533,2019-01-25 10:30:07,,3,winter
s001,-68.45883,42.83533,2019-01-25 10:30:14,,3,winter
s001,-68.46383,42.83533,2019-01-25 10:30:22,,3,winter
s001,-68.46883,42.83533,2019-01-25 10:30:30,,3,winter
s001,-68.47433,42.83533,2019-01-25 10:30:39,,3,winter
s001,-68.47933,42.83533,2019-01-25 10:30:47,,3,winter
s001,-68.48433,42.83533,2019-01-25 10:30:55,,3,winter
s001,-68.48917,42.83533,2019-01-25 10:31:03,,3,winter
s001,-68.49417,42.83533,2019-01-25 10:31:11,,3,winter
s001,-68.49983,42.83533,2019-01-25 10:31:20,,3,winter
s001,-68.5035,42.83533,2019-01-25 10:31:26,,3,winter
s001,-68.5085,42.83533,2019-01-25 10:31:34,,3,winter
s001,-68.51417,42.83533,2019-01-25 10:31:43,,3,winter
s001,-68.51917,42.8355,2019-01-25 10:31:51,,3,winter
s001,-68.52417,42.8355,2019-01-25 10:31:59,,3,winter
s001,-68.52917,42.8355,2019-01-25 10:32:07,,3,winter
s001,-68.53417,42.8355,2019-01-25 10:32:15,,3,winter
s001,-68.5385,42.8355,2019-01-25 10:32:22,,3,winter
s001,-68.5435,42.8355,2019-01-25 10:32:30,,3,winter
s001,-68.5485,42.83567,2019-01-25 10:32:38,,3,winter
s001,-68.55333,42.83567,2019-01-25 10:32:46,,3,winter
s001,-68.55883,42.83567,2019-01-25 10:32:55,,3,winter
s001,-68.56367,42.83567,2019-01-25 10:33:03,,3,winter
s001,-68.56867,42.83567,2019-01-25 10:33:11,,3,winter
s001,-68.5735,42.8355,2019-01-25 10:33:19,,3,winter
s001,-68.579,42.8355,2019-01-25 10:33:28,,3,winter
s001,-68.58283,42.8355,2019-01-25 10:33:34,,3,winter
s001,-68.58833,42.8355,2019-01-25 10:33:43,,3,winter
s001,-68.59267,42.8355,2019-01-25 10:33:50,,3,winter
s001,-68.5975,42.8355,2019-01-25 10:33:58,,3,winter
s001,-68.6025,42.8355,2019-01-25 10:34:06,,3,winter
s001,-68.608,42.8355,2019-01-25 10:34:15,,3,winter
s001,-68.613,42.8355,2019-01-25 10:34:23,,3,winter
s001,-68.618,42.83567,2019-01-25 10:34:31,,3,winter
s001,-68.62283,42.83567,2019-01-25 10:34:39,,3,winter
s001,-68.62783,42.83567,2019-01-25 10:34:47,,3,winter
s001,-68.63333,42.83567,2019-01-25 10:34:56,,3,winter
s001,-68.637,42.83567,2019-01-25 10:35:02,,3,winter
s001,-68.64233,42.83567,2019-01-25 10:35:11,,3,winter
s001,-68.64767,42.8355,2019-01-25 10:35:20,,3,winter
s001,-68.65117,42.8355,2019-01-25 10:35:26,,3,winter
s001,-68.65583,42.8355,2019-01-25 10:35:34,,3,winter
s001,-68.66117,42.8355,2019-01-25 10:35:43,,3,winter
s001,-68.666,42.83567,2019-01-25 10:35:51,,3,winter
s001,-68.67017,42.83567,2019-01-25 10:35:58,,3,winter
s001,-68.67267,42.83567,2019-01-25 10:36:02,,3,winter
s001,-68.675,42.83567,2019-01-25 10:36:06,,3,winter
s001,-68.6805,42.83567,2019-01-25 10:36:15,,3,winter
s001,-68.68533,42.83567,2019-01-25 10:36:23,,3,winter
s001,-68.69083,42.83567,2019-01-25 10:36:32,,3,winter
s001,-68.6945,42.83567,2019-01-25 10:36:38,,3,winter
s001,-68.69917,42.83567,2019-01-25 10:36:46,,3,winter
s001,-68.704,42.83567,2019-01-25 10:36:54,,3,winter
s001,-68.70883,42.83567,2019-01-25 10:37:02,,3,winter
s001,-68.71367,42.83567,2019-01-25 10:37:10,,3,winter
s001,-68.7185,42.83567,2019-01-25 10:37:18,,3,winter
s001,-68.72383,42.83567,2019-01-25 10:37:27,,3,winter
s001,-68.72867,42.83567,2019-01-25 10:37:35,,3,winter
s001,-68.734,42.83567,2019-01-25 10:37:44,,3,winter
s001,-68.73767,42.83567,2019-01-25 10:37:50,,3,winter
s001,-68.7425,42.83567,2019-01-25 10:37:58,,3,winter
s001,-68.74733,42.83567,2019-01-25 10:38:06,,3,winter
s001,-68.75217,42.83567,2019-01-25 10:38:14,,3,winter
s001,-68.757,42.83567,2019-01-25 10:38:22,,3,winter
s001,-68.7625,42.83567,2019-01-25 10:38:31,,3,winter
s001,-68.76733,42.83567,2019-01-25 10:38:39,,3,winter
s001,-68.77167,42.83567,2019-01-25 10:38:46,,3,winter
s001,-68.7765,42.83567,2019-01-25 10:38:54,,3,winter
s001,-68.78133,42.83567,2019-01-25 10:39:02,,3,winter
s001,-68.787,42.83567,2019-01-25 10:39:11,,3,winter
s001,-68.79,42.83567,2019-01-25 10:39:15,,3,winter
s001,-68.79117,42.83567,2019-01-25 10:39:18,,3,winter
s001,-68.79683,42.83567,2019-01-25 10:39:27,,2,winter
s001,-68.80167,42.83567,2019-01-25 10:39:35,,2,winter
s001,-68.80667,42.83567,2019-01-25 10:39:43,,2,winter
s001,-68.8115,42.83567,2019-01-25 10:39:51,,2,winter
s001,-68.8165,42.83567,2019-01-25 10:39:59,,2,winter
s001,-68.82133,42.83567,2019-01-25 10:40:07,,2,winter
s001,-68.82567,42.83567,2019-01-25 10:40:14,,2,winter
s001,-68.8305,42.83567,2019-01-25 10:40:22,,2,winter
s001,-68.8355,42.8355,2019-01-25 10:40:30,,2,winter
s001,-68.841,42.8355,2019-01-25 10:40:39,,2,winter
s001,-68.84583,42.8355,2019-01-25 10:40:47,,2,winter
s001,-68.85067,42.8355,2019-01-25 10:40:55,,2,winter
s001,-68.85567,42.8355,2019-01-25 10:41:03,,2,winter
s001,-68.8605,42.8355,2019-01-25 10:41:11,,2,winter
s001,-68.8655,42.8355,2019-01-25 10:41:19,,2,winter
s001,-68.86983,42.8355,2019-01-25 10:41:26,,2,winter
s001,-68.87467,42.8355,2019-01-25 10:41:34,,2,winter
s001,-68.87967,42.8355,2019-01-25 10:41:42,,2,winter
s001,-68.88533,42.8355,2019-01-25 10:41:51,,2,winter
s001,-68.89033,42.8355,2019-01-25 10:41:59,,2,winter
s001,-68.89583,42.8355,2019-01-25 10:42:08,,2,winter
s001,-68.89967,42.8355,2019-01-25 10:42:14,,2,winter
s001,-68.90533,42.83533,2019-01-25 10:42:23,,2,winter
s001,-68.91083,42.83533,2019-01-25 10:42:32,,2,winter
s001,-68.91467,42.83533,2019-01-25 10:42:38,,2,winter
s001,-68.91967,42.83533,2019-01-25 10:42:46,,2,winter
s001,-68.9245,42.83533,2019-01-25 10:42:54,,2,winter
s001,-68.9295,42.83533,2019-01-25 10:43:02,,2,winter
s001,-68.93517,42.83533,2019-01-25 10:43:11,,2,winter
s001,-68.9395,42.83533,2019-01-25 10:43:18,,2,winter
s001,-68.94433,42.83517,2019-01-25 10:43:26,,2,winter
s001,-68.95,42.83517,2019-01-25 10:43:35,,2,winter
s001,-68.955,42.83517,2019-01-25 10:43:43,,2,winter
s001,-68.95917,42.83517,2019-01-25 10:43:50,,2,winter
s001,-68.96417,42.83517,2019-01-25 10:43:58,,2,winter
s001,-68.96983,42.83517,2019-01-25 10:44:07,,2,winter
s001,-68.974,42.83517,2019-01-25 10:44:14,,2,winter
s001,-68.979,42.83517,2019-01-25 10:44:22,,2,winter
s001,-68.984,42.83517,2019-01-25 10:44:30,,2,winter
s001,-68.989,42.835,2019-01-25 10:44:38,,2,winter
s001,-68.99383,42.835,2019-01-25 10:44:46,,2,winter
s001,-68.99883,42.835,2019-01-25 10:44:54,,2,winter
s002,-67.8645,42.75,2019-01-30 14:32:57,,3,winter
s002,-67.86583,42.75017,2019-01-30 14:32:59,,3,winter
s002,-67.8705,42.75017,2019-01-30 14:33:06,,3,winter
s002,-67.87583,42.75033,2019-01-30 14:33:14,,3,winter
s002,-67.88117,42.75033,2019-01-30 14:33:22,,3,winter
s002,-67.88717,42.75033,2019-01-30 14:33:31,,3,winter
s002,-67.89183,42.7505,2019-01-30 14:33:38,,3,winter
s002,-67.89717,42.7505,2019-01-30 14:33:46,,3,winter
s002,-67.90317,42.7505,2019-01-30 14:33:55,,3,winter
s002,-67.9085,42.7505,2019-01-30 14:34:03,,3,winter
s002,-67.91383,42.7505,2019-01-30 14:34:11,,3,winter
s002,-67.91867,42.75067,2019-01-30 14:34:18,,3,winter
s002,-67.92467,42.75067,2019-01-30 14:34:27,,3,winter
s002,-67.93083,42.75067,2019-01-30 14:34:36,,3,winter
s002,-67.93483,42.75067,2019-01-30 14:34:42,,3,winter
s002,-67.941,42.75067,2019-01-30 14:34:51,,3,winter
s002,-67.94717,42.75067,2019-01-30 14:35:00,,3,winter
s002,-67.95133,42.75067,2019-01-30 14:35:06,,3,winter
s002,-67.95683,42.75067,2019-01-30 14:35:14,,3,winter
s002,-67.96233,42.75083,2019-01-30 14:35:22,,3,winter
s002,-67.9685,42.75083,2019-01-30 14:35:31,,3,winter
s002,-67.97383,42.75083,2019-01-30 14:35:39,,3,winter
s002,-67.97933,42.75083,2019-01-30 14:35:47,,3,winter
s002,-67.98417,42.75083,2019-01-30 14:35:54,,3,winter
s002,-67.98967,42.751,2019-01-30 14:36:02,,3,winter
s002,-67.99517,42.751,2019-01-30 14:36:10,,3,winter
s002,-68.0005,42.751,2019-01-30 14:36:18,,3,winter
s002,-68.00683,42.751,2019-01-30 14:36:27,,3,winter
s002,-68.013,42.751,2019-01-30 14:36:36,,3,winter
s002,-68.01717,42.751,2019-01-30 14:36:42,,3,winter
s002,-68.02267,42.75117,2019-01-30 14:36:50,,3,winter
s002,-68.02817,42.75117,2019-01-30 14:36:58,,3,winter
s002,-68.03367,42.75117,2019-01-30 14:37:06,,3,winter
s002,-68.03983,42.75117,2019-01-30 14:37:15,,3,winter
s002,-68.04533,42.75117,2019-01-30 14:37:23,,3,winter
s002,-68.05083,42.75117,2019-01-30 14:37:31,,3,winter
s002,-68.05633,42.75133,2019-01-30 14:37:39,,3,winter
s002,-68.06167,42.75133,2019-01-30 14:37:47,,3,winter
s002,-68.06717,42.75133,2019-01-30 14:37:55,,3,winter
s002,-68.07183,42.75133,2019-01-30 14:38:02,,3,winter
s002,-68.078,42.75133,2019-01-30 14:38:11,,3,winter
s002,-68.0835,42.75133,2019-01-30 14:38:19,,3,winter
s002,-68.08883,42.75133,2019-01-30 14:38:27,,3,winter
s002,-68.0935,42.75133,2019-01-30 14:38:34,,3,winter
s002,-68.099,42.75133,2019-01-30 14:38:42,,3,winter
s002,-68.10433,42.75133,2019-01-30 14:38:50,,3,winter
s002,-68.10967,42.7515,2019-01-30 14:38:58,,3,winter
s002,-68.11517,42.7515,2019-01-30 14:39:06,,3,winter
s002,-68.12117,42.7515,2019-01-30 14:39:15,,3,winter
s002,-68.1265,42.7515,2019-01-30 14:39:23,,3,winter
s002,-68.132,42.7515,2019-01-30 14:39:31,,3,winter
s002,-68.13733,42.7515,2019-01-30 14:39:39,,3,winter
s002,-68.14217,42.7515,2019-01-30 14:39:46,,3,winter
s002,-68.1475,42.7515,2019-01-30 14:39:54,,3,winter
s002,-68.153,42.7515,2019-01-30 14:40:02,,3,winter
s002,-68.159,42.75167,2019-01-30 14:40:11,,3,winter
s002,-68.16433,42.75167,2019-01-30 14:40:19,,3,winter
s002,-68.16967,42.75167,2019-01-30 14:40:27,,3,winter
s002,-68.17433,42.75167,2019-01-30 14:40:34,,3,winter
s002,-68.17983,42.75167,2019-01-30 14:40:42,,3,winter
s002,-68.18517,42.75167,2019-01-30 14:40:50,,3,winter
s002,-68.1905,42.75167,2019-01-30 14:40:58,,3,winter
s002,-68.19583,42.75183,2019-01-30 14:41:06,,3,winter
s002,-68.20183,42.75183,2019-01-30 14:41:15,,3,winter
s002,-68.20717,42.75183,2019-01-30 14:41:23,,3,winter
s002,-68.2125,42.75183,2019-01-30 14:41:31,,3,winter
s002,-68.21767,42.75183,2019-01-30 14:41:39,,3,winter
s002,-68.22233,42.75183,2019-01-30 14:41:46,,3,winter
s002,-68.22767,42.75183,2019-01-30 14:41:54,,3,winter
s002,-68.233,42.75183,2019-01-30 14:42:02,,3,winter
s002,-68.239,42.75183,2019-01-30 14:42:11,,3,winter
s002,-68.24417,42.752,2019-01-30 14:42:19,,3,winter
s002,-68.2495,42.752,2019-01-30 14:42:27,,3,winter
s002,-68.25467,42.752,2019-01-30 14:42:35,,3,winter
s002,-68.25933,42.752,2019-01-30 14:42:42,,3,winter
s002,-68.26467,42.752,2019-01-30 14:42:50,,3,winter
s002,-68.26983,42.752,2019-01-30 14:42:58,,3,winter
s002,-68.27517,42.752,2019-01-30 14:43:06,,3,winter
s002,-68.28033,42.752,2019-01-30 14:43:14,,3,winter
s002,-68.28633,42.75217,2019-01-30 14:43:23,,3,winter
s002,-68.29083,42.75217,2019-01-30 14:43:30,,3,winter
s002,-68.29683,42.75217,2019-01-30 14:43:39,,3,winter
s002,-68.302,42.75217,2019-01-30 14:43:47,,3,winter
s002,-68.3065,42.75217,2019-01-30 14:43:54,,3,winter
s002,-68.31167,42.75217,2019-01-30 14:44:02,,3,winter
s002,-68.317,42.75217,2019-01-30 14:44:10,,3,winter
s002,-68.32283,42.75217,2019-01-30 14:44:19,,3,winter
s002,-68.328,42.75217,2019-01-30 14:44:27,,3,winter
s002,-68.33317,42.75217,2019-01-30 14:44:35,,3,winter
s002,-68.33833,42.75217,2019-01-30 14:44:43,,3,winter
s002,-68.34417,42.75217,2019-01-30 14:44:52,,3,winter
s002,-68.348,42.75217,2019-01-30 14:44:58,,3,winter
s002,-68.35383,42.75217,2019-01-30 14:45:07,,3,winter
s002,-68.359,42.75217,2019-01-30 14:45:15,,3,winter
s002,-68.36417,42.75217,2019-01-30 14:45:23,,3,winter
s002,-68.36867,42.75217,2019-01-30 14:45:30,,3,winter
s002,-68.37383,42.75217,2019-01-30 14:45:38,,3,winter
s002,-68.379,42.75217,2019-01-30 14:45:46,,3,winter
s002,-68.38417,42.75217,2019-01-30 14:45:54,,3,winter
s002,-68.38983,42.75217,2019-01-30 14:46:03,,3,winter
s002,-68.395,42.75217,2019-01-30 14:46:11,,3,winter
s002,-68.40017,42.75217,2019-01-30 14:46:19,,3,winter
s002,-68.40533,42.75233,2019-01-30 14:46:27,,3,winter
s002,-68.4105,42.75233,2019-01-30 14:46:35,,3,winter
s002,-68.415,42.75233,2019-01-30 14:46:42,,3,winter
s002,-68.42017,42.75233,2019-01-30 14:46:50,,3,winter
s002,-68.42533,42.75233,2019-01-30 14:46:58,,3,winter
s002,-68.4305,42.75233,2019-01-30 14:47:06,,3,winter
s002,-68.43633,42.75233,2019-01-30 14:47:15,,3,winter
s002,-68.4415,42.75233,2019-01-30 14:47:23,,3,winter
s002,-68.44667,42.75233,2019-01-30 14:47:31,,3,winter
s002,-68.45117,42.75233,2019-01-30 14:47:38,,3,winter
s002,-68.457,42.75233,2019-01-30 14:47:47,,3,winter
s002,-68.46217,42.75233,2019-01-30 14:47:55,,3,winter
s002,-68.46667,42.75233,2019-01-30 14:48:02,,3,winter
s002,-68.47183,42.75233,2019-01-30 14:48:10,,3,winter
s002,-68.477,42.75233,2019-01-30 14:48:18,,3,winter
s002,-68.48283,42.75233,2019-01-30 14:48:27,,3,winter
s002,-68.4875,42.75233,2019-01-30 14:48:34,,3,winter
s002,-68.49267,42.75233,2019-01-30 14:48:42,,3,winter
s002,-68.49783,42.75233,2019-01-30 14:48:50,,3,winter
s002,-68.503,42.75233,2019-01-30 14:48:58,,3,winter
s002,-68.50817,42.75233,2019-01-30 14:49:06,,3,winter
s002,-68.51333,42.75233,2019-01-30 14:49:14,,3,winter
s002,-68.5185,42.75233,2019-01-30 14:49:22,,3,winter
s002,-68.52367,42.7525,2019-01-30 14:49:30,,3,winter
s002,-68.52883,42.7525,2019-01-30 14:49:38,,3,winter
s002,-68.53467,42.7525,2019-01-30 14:49:47,,3,winter
s002,-68.53967,42.7525,2019-01-30 14:49:55,,3,winter
s002,-68.54483,42.7525,2019-01-30 14:50:03,,3,winter
s002,-68.54933,42.7525,2019-01-30 14:50:10,,3,winter
s002,-68.5545,42.7525,2019-01-30 14:50:18,,3,winter
s002,-68.55967,42.7525,2019-01-30 14:50:26,,3,winter
s002,-68.56533,42.7525,2019-01-30 14:50:35,,3,winter
s002,-68.5705,42.7525,2019-01-30 14:50:43,,3,winter
s002,-68.57567,42.7525,2019-01-30 14:50:51,,3,winter
s002,-68.58017,42.7525,2019-01-30 14:50:58,,3,winter
s002,-68.58517,42.7525,2019-01-30 14:51:06,,3,winter
s002,-68.59033,42.7525,2019-01-30 14:51:14,,3,winter
s002,-68.59617,42.7525,2019-01-30 14:51:23,,3,winter
s002,-68.60117,42.7525,2019-01-30 14:51:31,,3,winter
s002,-68.607,42.7525,2019-01-30 14:51:40,,3,winter
s002,-68.61083,42.7525,2019-01-30 14:51:46,,3,winter
s002,-68.61667,42.7525,2019-01-30 14:51:55,,3,winter
s002,-68.62233,42.7525,2019-01-30 14:52:04,,3,winter
s002,-68.62617,42.7525,2019-01-30 14:52:10,,3,winter
s002,-68.63133,42.7525,2019-01-30 14:52:18,,3,winter
s002,-68.63633,42.7525,2019-01-30 14:52:26,,3,winter
s002,-68.6415,42.7525,2019-01-30 14:52:34,,3,winter
s002,-68.64733,42.7525,2019-01-30 14:52:43,,3,winter
s002,-68.65233,42.7525,2019-01-30 14:52:51,,3,winter
s002,-68.65817,42.7525,2019-01-30 14:53:00,,3,winter
s002,-68.662,42.7525,2019-01-30 14:53:06,,3,winter
s002,-68.66783,42.7525,2019-01-30 14:53:15,,3,winter
s002,-68.6735,42.7525,2019-01-30 14:53:24,,3,winter
s002,-68.67733,42.7525,2019-01-30 14:53:30,,3,winter
s002,-68.6825,42.7525,2019-01-30 14:53:38,,3,winter
s002,-68.6875,42.75233,2019-01-30 14:53:46,,3,winter
s002,-68.69267,42.75233,2019-01-30 14:53:54,,3,winter
s002,-68.69783,42.75233,2019-01-30 14:54:02,,3,winter
s002,-68.70283,42.75233,2019-01-30 14:54:10,,3,winter
s002,-68.7085,42.75233,2019-01-30 14:54:19,,3,winter
s002,-68.71367,42.75233,2019-01-30 14:54:27,,3,winter
s002,-68.71867,42.75233,2019-01-30 14:54:35,,3,winter
s002,-68.72383,42.75233,2019-01-30 14:54:43,,3,winter
s002,-68.72883,42.75233,2019-01-30 14:54:51,,3,winter
s002,-68.7345,42.75233,2019-01-30 14:55:00,,3,winter
s002,-68.73833,42.75233,2019-01-30 14:55:06,,3,winter
s002,-68.744,42.75233,2019-01-30 14:55:15,,3,winter
s002,-68.749,42.75233,2019-01-30 14:55:23,,3,winter
s002,-68.75417,42.75217,2019-01-30 14:55:31,,3,winter
s002,-68.75917,42.75217,2019-01-30 14:55:39,,3,winter
s002,-68.76417,42.75217,2019-01-30 14:55:47,,3,winter
s002,-68.76967,42.75233,2019-01-30 14:55:56,,3,winter
s002,-68.7735,42.75217,2019-01-30 14:56:02,,3,winter
s002,-68.77917,42.75217,2019-01-30 14:56:11,,3,winter
s002,-68.78483,42.75217,2019-01-30 14:56:20,,3,winter
s002,-68.7885,42.75217,2019-01-30 14:56:26,,3,winter
s002,-68.7935,42.75217,2019-01-30 14:56:34,,3,winter
s002,-68.7985,42.75217,2019-01-30 14:56:42,,3,winter
s002,-68.80367,42.75217,2019-01-30 14:56:50,,3,winter
s002,-68.80917,42.75217,2019-01-30 14:56:59,,3,winter
s002,-68.81183,42.75217,2019-01-30 14:57:04,,3,winter
s002,-68.81367,42.75217,2019-01-30 14:57:06,,3,winter
s002,-68.81867,42.75217,2019-01-30 14:57:14,,3,winter
s002,-68.82433,42.75217,2019-01-30 14:57:23,,3,winter
s002,-68.82867,42.75217,2019-01-30 14:57:30,,3,winter
s002,-68.83383,42.75217,2019-01-30 14:57:38,,3,winter
s002,-68.8395,42.752,2019-01-30 14:57:47,,3,winter
s002,-68.8445,42.752,2019-01-30 14:57:55,,3,winter
s002,-68.85017,42.752,2019-01-30 14:58:04,,3,winter
s002,-68.854,42.752,2019-01-30 14:58:10,,3,winter
s002,-68.85967,42.752,2019-01-30 14:58:19,,3,winter
s002,-68.86467,42.752,2019-01-30 14:58:27,,3,winter
s002,-68.86917,42.752,2019-01-30 14:58:34,,3,winter
s002,-68.87483,42.752,2019-01-30 14:58:43,,3,winter
s002,-68.87983,42.752,2019-01-30 14:58:51,,3,winter
s002,-68.88483,42.752,2019-01-30 14:58:59,,3,winter
s002,-68.89,42.752,2019-01-30 14:59:07,,3,winter
s002,-68.89567,42.752,2019-01-30 14:59:16,,3,winter
s002,-68.8995,42.752,2019-01-30 14:59:22,,3,winter
s002,-68.90517,42.752,2019-01-30 14:59:31,,3,winter
s002,-68.91017,42.75183,2019-01-30 14:59:39,,3,winter
s002,-68.91467,42.75183,2019-01-30 14:59:46,,3,winter
s002,-68.91967,42.75183,2019-01-30 14:59:54,,3,winter
s002,-68.92533,42.75183,2019-01-30 15:00:03,,3,winter
s002,-68.93033,42.75183,2019-01-30 15:00:11,,3,winter
s002,-68.9355,42.75183,2019-01-30 15:00:19,,3,winter
s002,-68.9405,42.75183,2019-01-30 15:00:27,,3,winter
s002,-68.94617,42.75183,2019-01-30 15:00:36,,3,winter
s002,-68.94983,42.75183,2019-01-30 15:00:42,,3,winter
s002,-68.9555,42.75183,2019-01-30 15:00:51,,3,winter
s002,-68.9605,42.75183,2019-01-30 15:00:59,,3,winter
s002,-68.96567,42.75167,2019-01-30 15:01:07,,3,winter
s002,-68.97067,42.75167,2019-01-30 15:01:15,,3,winter
s002,-68.97567,42.75167,2019-01-30 15:01:23,,3,winter
s002,-68.98067,42.75167,2019-01-30 15:01:31,,3,winter
s002,-68.98567,42.75167,2019-01-30 15:01:39,,3,winter
s002,-68.99067,42.75167,2019-01-30 15:01:47,,3,winter
s002,-68.99567,42.75167,2019-01-30 15:01:55,,3,winter
s003,-68.99533,42.58517,2019-03-02 12:43:27,,1,spring
s003,-68.99067,42.58517,2019-03-02 12:43:35,,1,spring
s003,-68.98517,42.58517,2019-03-02 12:43:44,,1,spring
s003,-68.98167,42.58517,2019-03-02 12:43:50,,1,spring
s003,-68.977,42.58517,2019-03-02 12:43:58,,1,spring
s003,-68.9715,42.58533,2019-03-02 12:44:07,,1,spring
s003,-68.96683,42.58533,2019-03-02 12:44:15,,1,spring
s003,-68.96267,42.58533,2019-03-02 12:44:22,,1,spring
s003,-68.95733,42.58533,2019-03-02 12:44:31,,1,spring
s003,-68.952,42.58533,2019-03-02 12:44:40,,1,spring
s003,-68.9485,42.58533,2019-03-02 12:44:46,,1,spring
s003,-68.94317,42.58533,2019-03-02 12:44:55,,1,spring
s003,-68.93783,42.58533,2019-03-02 12:45:04,,1,spring
s003,-68.93433,42.58533,2019-03-02 12:45:10,,1,spring
s003,-68.9295,42.58533,2019-03-02 12:45:18,,1,spring
s003,-68.92483,42.58533,2019-03-02 12:45:26,,1,spring
s003,-68.92017,42.5855,2019-03-02 12:45:34,,1,spring
s003,-68.9155,42.5855,2019-03-02 12:45:42,,1,spring
s003,-68.91017,42.5855,2019-03-02 12:45:51,,1,spring
s003,-68.9055,42.5855,2019-03-02 12:45:59,,1,spring
s003,-68.90083,42.5855,2019-03-02 12:46:07,,1,spring
s003,-68.89667,42.5855,2019-03-02 12:46:14,,1,spring
s003,-68.892,42.5855,2019-03-02 12:46:22,,1,spring
s003,-68.88733,42.5855,2019-03-02 12:46:30,,1,spring
s003,-68.882,42.5855,2019-03-02 12:46:39,,1,spring
s003,-68.87733,42.5855,2019-03-02 12:46:47,,1,spring
s003,-68.87267,42.5855,2019-03-02 12:46:55,,1,spring
s003,-68.868,42.5855,2019-03-02 12:47:03,,1,spring
s003,-68.86333,42.58567,2019-03-02 12:47:11,,1,spring
s003,-68.858,42.58567,2019-03-02 12:47:20,,1,spring
s003,-68.8545,42.58567,2019-03-02 12:47:26,,1,spring
s003,-68.84917,42.58567,2019-03-02 12:47:35,,1,spring
s003,-68.8445,42.58567,2019-03-02 12:47:43,,1,spring
s003,-68.83967,42.58567,2019-03-02 12:47:51,,1,spring
s003,-68.83567,42.58567,2019-03-02 12:47:58,,1,spring
s003,-68.83083,42.58567,2019-03-02 12:48:06,,1,spring
s003,-68.82617,42.58567,2019-03-02 12:48:14,,1,spring
s003,-68.8215,42.58567,2019-03-02 12:48:22,,1,spring
s003,-68.81617,42.58567,2019-03-02 12:48:31,,1,spring
s003,-68.8115,42.58567,2019-03-02 12:48:39,,1,spring
s003,-68.80667,42.58567,2019-03-02 12:48:47,,1,spring
s003,-68.802,42.58567,2019-03-02 12:48:55,,1,spring
s003,-68.79733,42.58567,2019-03-02 12:49:03,,1,spring
s003,-68.79317,42.58567,2019-03-02 12:49:10,,1,spring
s003,-68.78783,42.58567,2019-03-02 12:49:19,,1,spring
s003,-68.783,42.58567,2019-03-02 12:49:27,,1,spring
s003,-68.779,42.58567,2019-03-02 12:49:34,,1,spring
s003,-68.77367,42.58567,2019-03-02 12:49:43,,1,spring
s003,-68.76883,42.58567,2019-03-02 12:49:51,,1,spring
s003,-68.76417,42.58567,2019-03-02 12:49:59,,1,spring
s003,-68.75933,42.58583,2019-03-02 12:50:07,,1,spring
s003,-68.75467,42.58583,2019-03-02 12:50:15,,1,spring
s003,-68.74983,42.58583,2019-03-02 12:50:23,,1,spring
s003,-68.74517,42.58583,2019-03-02 12:50:31,1,1,spring
s003,-68.73983,42.58583,2019-03-02 12:50:40,,1,spring
s003,-68.73633,42.58583,2019-03-02 12:50:46,,1,spring
s003,-68.731,42.58583,2019-03-02 12:50:55,,1,spring
s003,-68.72617,42.58583,2019-03-02 12:51:03,,1,spring
s003,-68.7215,42.58583,2019-03-02 12:51:11,,1,spring
s003,-68.71683,42.58583,2019-03-02 12:51:19,,1,spring
s003,-68.71267,42.58583,2019-03-02 12:51:26,,1,spring
s003,-68.708,42.58583,2019-03-02 12:51:34,,1,spring
s003,-68.70317,42.58583,2019-03-02 12:51:42,,1,spring
s003,-68.6985,42.586,2019-03-02 12:51:50,,1,spring
s003,-68.69383,42.586,2019-03-02 12:51:58,,1,spring
s003,-68.689,42.586,2019-03-02 12:52:06,,1,spring
s003,-68.68433,42.586,2019-03-02 12:52:14,,1,spring
s003,-68.67967,42.586,2019-03-02 12:52:22,,1,spring
s003,-68.675,42.586,2019-03-02 12:52:30,,1,spring
s003,-68.67017,42.586,2019-03-02 12:52:38,,1,spring
s003,-68.665,42.586,2019-03-02 12:52:47,,1,spring
s003,-68.66033,42.58583,2019-03-02 12:52:55,,1,spring
s003,-68.6555,42.58583,2019-03-02 12:53:03,,1,spring
s003,-68.65083,42.58583,2019-03-02 12:53:11,,1,spring
s003,-68.64617,42.58583,2019-03-02 12:53:19,,1,spring
s003,-68.64217,42.58583,2019-03-02 12:53:26,,1,spring
s003,-68.63683,42.58583,2019-03-02 12:53:35,,1,spring
s003,-68.63217,42.58583,2019-03-02 12:53:43,,1,spring
s003,-68.628,42.586,2019-03-02 12:53:50,,1,spring
s003,-68.62333,42.586,2019-03-02 12:53:58,,1,spring
s003,-68.61867,42.586,2019-03-02 12:54:06,,1,spring
s003,-68.61333,42.586,2019-03-02 12:54:15,,1,spring
s003,-68.60867,42.58583,2019-03-02 12:54:23,,1,spring
s003,-68.60333,42.58583,2019-03-02 12:54:32,2,1,spring
s003,-68.59983,42.58583,2019-03-02 12:54:38,,1,spring
s003,-68.59467,42.58583,2019-03-02 12:54:47,,1,spring
s003,-68.58933,42.58583,2019-03-02 12:54:56,,1,spring
s003,-68.58583,42.58583,2019-03-02 12:55:02,,1,spring
s003,-68.5805,42.58583,2019-03-02 12:55:11,,1,spring
s003,-68.57583,42.58583,2019-03-02 12:55:19,,1,spring
s003,-68.571,42.58583,2019-03-02 12:55:27,,1,spring
s003,-68.56633,42.58583,2019-03-02 12:55:35,,1,spring
s003,-68.56167,42.58583,2019-03-02 12:55:43,,1,spring
s003,-68.55633,42.58583,2019-03-02 12:55:52,,1,spring
s003,-68.55283,42.58583,2019-03-02 12:55:58,,1,spring
s003,-68.548,42.58583,2019-03-02 12:56:06,,1,spring
s003,-68.54333,42.58583,2019-03-02 12:56:14,,1,spring
s003,-68.538,42.58583,2019-03-02 12:56:23,,1,spring
s003,-68.53383,42.58583,2019-03-02 12:56:30,,1,spring
s003,-68.52917,42.58583,2019-03-02 12:56:38,,1,spring
s003,-68.5245,42.58583,2019-03-02 12:56:46,,1,spring
s003,-68.51983,42.58583,2019-03-02 12:56:54,,1,spring
s003,-68.515,42.58583,2019-03-02 12:57:02,,1,spring
s003,-68.51033,42.58583,2019-03-02 12:57:10,,1,spring
s003,-68.505,42.58583,2019-03-02 12:57:19,,1,spring
s003,-68.50017,42.58583,2019-03-02 12:57:27,,1,spring
s003,-68.4955,42.58583,2019-03-02 12:57:35,,1,spring
s003,-68.49083,42.586,2019-03-02 12:57:43,,1,spring
s003,-68.4855,42.586,2019-03-02 12:57:52,,1,spring
s003,-68.48183,42.586,2019-03-02 12:57:58,,1,spring
s003,-68.47717,42.586,2019-03-02 12:58:06,,1,spring
s003,-68.47233,42.586,2019-03-02 12:58:14,,1,spring
s003,-68.4675,42.586,2019-03-02 12:58:22,,1,spring
s003,-68.46217,42.586,2019-03-02 12:58:31,,1,spring
s003,-68.458,42.586,2019-03-02 12:58:38,,1,spring
s003,-68.45317,42.58583,2019-03-02 12:58:46,,1,spring
s003,-68.44717,42.58583,2019-03-02 12:58:56,,1,spring
s003,-68.4435,42.58583,2019-03-02 12:59:02,,1,spring
s003,-68.43867,42.58583,2019-03-02 12:59:10,,1,spring
s003,-68.43317,42.58583,2019-03-02 12:59:19,,1,spring
s003,-68.42833,42.58583,2019-03-02 12:59:27,,1,spring
s003,-68.42333,42.58583,2019-03-02 12:59:35,,1,spring
s003,-68.4185,42.58583,2019-03-02 12:59:43,,1,spring
s003,-68.41367,42.58583,2019-03-02 12:59:51,,1,spring
s003,-68.40883,42.58583,2019-03-02 12:59:59,,1,spring
s003,-68.40383,42.58583,2019-03-02 13:00:07,,1,spring
s003,-68.399,42.58583,2019-03-02 13:00:15,,1,spring
s003,-68.39483,42.58583,2019-03-02 13:00:22,,1,spring
s003,-68.39,42.58583,2019-03-02 13:00:30,,1,spring
s003,-68.3845,42.58583,2019-03-02 13:00:39,,1,spring
s003,-68.38033,42.58583,2019-03-02 13:00:46,,1,spring
s003,-68.3755,42.58583,2019-03-02 13:00:54,,1,spring
s003,-68.37067,42.58583,2019-03-02 13:01:02,,1,spring
s003,-68.36517,42.58583,2019-03-02 13:01:11,,1,spring
s003,-68.36033,42.58583,2019-03-02 13:01:19,,1,spring
s003,-68.3555,42.58583,2019-03-02 13:01:27,,1,spring
s003,-68.35067,42.58583,2019-03-02 13:01:35,,1,spring
s003,-68.34567,42.58567,2019-03-02 13:01:43,,1,spring
s003,-68.3415,42.58567,2019-03-02 13:01:50,,1,spring
s003,-68.33667,42.58567,2019-03-02 13:01:58,,1,spring
s003,-68.33167,42.58567,2019-03-02 13:02:06,,1,spring
s003,-68.32617,42.58567,2019-03-02 13:02:15,,1,spring
s003,-68.32133,42.58567,2019-03-02 13:02:23,,1,spring
s003,-68.3165,42.58567,2019-03-02 13:02:31,,1,spring
s003,-68.3115,42.58567,2019-03-02 13:02:39,,1,spring
s003,-68.30733,42.58567,2019-03-02 13:02:46,,1,spring
s003,-68.30183,42.58567,2019-03-02 13:02:55,,1,spring
s003,-68.297,42.5855,2019-03-02 13:03:03,,1,spring
s003,-68.29267,42.5855,2019-03-02 13:03:10,,1,spring
s003,-68.28783,42.5855,2019-03-02 13:03:18,,1,spring
s003,-68.28283,42.5855,2019-03-02 13:03:26,,1,spring
s003,-68.27733,42.5855,2019-03-02 13:03:35,,1,spring
s003,-68.2725,42.5855,2019-03-02 13:03:43,,1,spring
s003,-68.267,42.5855,2019-03-02 13:03:52,,1,spring
s003,-68.26333,42.5855,2019-03-02 13:03:58,,1,spring
s003,-68.25833,42.5855,2019-03-02 13:04:06,,1,spring
s003,-68.25283,42.5855,2019-03-02 13:04:15,,1,spring
s003,-68.248,42.5855,2019-03-02 13:04:23,,1,spring
s003,-68.243,42.5855,2019-03-02 13:04:31,,1,spring
s003,-68.238,42.5855,2019-03-02 13:04:39,,1,spring
s003,-68.23317,42.58567,2019-03-02 13:04:47,,1,spring
s003,-68.22817,42.58567,2019-03-02 13:04:55,,1,spring
s003,-68.22333,42.58567,2019-03-02 13:05:03,,1,spring
s003,-68.21833,42.58567,2019-03-02 13:05:11,,1,spring
s003,-68.21333,42.58567,2019-03-02 13:05:19,,1,spring
s003,-68.2085,42.5855,2019-03-02 13:05:27,,1,spring
s003,-68.2035,42.5855,2019-03-02 13:05:35,,1,spring
s003,-68.1985,42.5855,2019-03-02 13:05:43,,1,spring
s003,-68.1935,42.5855,2019-03-02 13:05:51,,1,spring
s003,-68.1885,42.58533,2019-03-02 13:05:59,,1,spring
s003,-68.1835,42.58533,2019-03-02 13:06:07,,1,spring
s003,-68.1785,42.58533,2019-03-02 13:06:15,,1,spring
s003,-68.17367,42.58533,2019-03-02 13:06:23,,1,spring
s003,-68.16867,42.58533,2019-03-02 13:06:31,,1,spring
s003,-68.16417,42.58533,2019-03-02 13:06:38,,1,spring
s003,-68.159,42.58517,2019-03-02 13:06:46,,1,spring
s003,-68.154,42.58517,2019-03-02 13:06:54,,1,spring
s003,-68.14817,42.58517,2019-03-02 13:07:03,,1,spring
s003,-68.14383,42.58517,2019-03-02 13:07:10,,1,spring
s003,-68.13883,42.58517,2019-03-02 13:07:18,,1,spring
s003,-68.13317,42.58517,2019-03-02 13:07:27,,1,spring
s003,-68.12817,42.585,2019-03-02 13:07:35,,1,spring
s003,-68.12317,42.585,2019-03-02 13:07:43,,1,spring
s003,-68.11817,42.585,2019-03-02 13:07:51,,1,spring
s003,-68.11333,42.585,2019-03-02 13:07:59,,1,spring
s003,-68.10833,42.58483,2019-03-02 13:08:07,,1,spring
s003,-68.1035,42.58483,2019-03-02 13:08:15,,1,spring
s003,-68.0985,42.58483,2019-03-02 13:08:23,,1,spring
s003,-68.09433,42.58483,2019-03-02 13:08:30,,1,spring
s003,-68.08933,42.58483,2019-03-02 13:08:38,,1,spring
s003,-68.08383,42.585,2019-03-02 13:08:47,,1,spring
s003,-68.079,42.585,2019-03-02 13:08:55,,1,spring
s003,-68.07417,42.585,2019-03-02 13:09:03,,1,spring
s003,-68.06917,42.585,2019-03-02 13:09:11,,1,spring
s003,-68.06433,42.585,2019-03-02 13:09:19,,1,spring
s003,-68.0595,42.585,2019-03-02 13:09:27,,2,spring
s003,-68.05467,42.585,2019-03-02 13:09:35,,2,spring
s003,-68.05033,42.585,2019-03-02 13:09:42,,2,spring
s003,-68.0455,42.58483,2019-03-02 13:09:50,,2,spring
s003,-68.03983,42.58483,2019-03-02 13:09:59,,2,spring
s003,-68.03567,42.58483,2019-03-02 13:10:06,,2,spring
s003,-68.03067,42.58483,2019-03-02 13:10:14,,2,spring
s003,-68.02567,42.58467,2019-03-02 13:10:22,,2,spring
s003,-68.02017,42.58467,2019-03-02 13:10:31,,2,spring
s003,-68.01517,42.58467,2019-03-02 13:10:39,,2,spring
s003,-68.01033,42.5845,2019-03-02 13:10:47,,2,spring
s003,-68.00533,42.5845,2019-03-02 13:10:55,,2,spring
s003,-68.00033,42.5845,2019-03-02 13:11:03,,2,spring
s003,-67.9955,42.5845,2019-03-02 13:11:11,,2,spring
s003,-67.9905,42.58433,2019-03-02 13:11:19,,2,spring
s003,-67.98633,42.58433,2019-03-02 13:11:26,,2,spring
s003,-67.98133,42.58433,2019-03-02 13:11:34,,2,spring
s003,-67.97583,42.58433,2019-03-02 13:11:43,,2,spring
s003,-67.971,42.58433,2019-03-02 13:11:51,,2,spring
s003,-67.96617,42.58433,2019-03-02 13:11:59,,2,spring
s003,-67.96133,42.58417,2019-03-02 13:12:07,,2,spring
s003,-67.95633,42.58417,2019-03-02 13:12:15,,2,spring
s003,-67.95517,42.58417,2019-03-02 13:12:18,,2,spring
s003,-67.95217,42.58417,2019-03-02 13:12:22,,2,spring
s003,-67.94717,42.58417,2019-03-02 13:12:30,,2,spring
s003,-67.9415,42.58417,2019-03-02 13:12:39,,2,spring
s003,-67.93733,42.58417,2019-03-02 13:12:46,,2,spring
s003,-67.93233,42.584,2019-03-02 13:12:54,,2,spring
s003,-67.92667,42.584,2019-03-02 13:13:03,,2,spring
s003,-67.92183,42.584,2019-03-02 13:13:11,,2,spring
s003,-67.91683,42.584,2019-03-02 13:13:19,,2,spring
s003,-67.91183,42.584,2019-03-02 13:13:27,,2,spring
s003,-67.90683,42.58383,2019-03-02 13:13:35,,2,spring
s003,-67.90183,42.58383,2019-03-02 13:13:43,,2,spring
s003,-67.8975,42.58383,2019-03-02 13:13:50,,2,spring
s003,-67.895,42.58383,2019-03-02 13:13:54,,2,spring
s003,-67.8925,42.58383,2019-03-02 13:13:58,,2,spring
s003,-67.8875,42.58383,2019-03-02 13:14:06,,2,spring
s003,-67.8825,42.58383,2019-03-02 13:14:14,,2,spring
s003,-67.8775,42.58383,2019-03-02 13:14:22,,2,spring
s003,-67.8725,42.58383,2019-03-02 13:14:30,,2,spring
s003,-67.86683,42.58383,2019-03-02 13:14:39,,2,spring
s003,-67.86233,42.58383,2019-03-02 13:14:46,,2,spring
s003,-67.85733,42.58367,2019-03-02 13:14:54,,2,spring
s003,-67.85167,42.58367,2019-03-02 13:15:03,,2,spring
s003,-67.84733,42.5835,2019-03-02 13:15:10,,2,spring
s003,-67.84233,42.5835,2019-03-02 13:15:18,,2,spring
s003,-67.83667,42.58333,2019-03-02 13:15:27,,2,spring
s003,-67.83233,42.58317,2019-03-02 13:15:34,,2,spring
s003,-67.82667,42.58267,2019-03-02 13:15:43,,2,spring
s003,-67.822,42.58083,2019-03-02 13:15:51,,2,spring
s003,-67.81883,42.57833,2019-03-02 13:15:58,,2,spring
s003,-67.81683,42.57417,2019-03-02 13:16:07,,2,spring
s003,-67.81633,42.57017,2019-03-02 13:16:15,,2,spring
s003,-67.816,42.56617,2019-03-02 13:16:23,,2,spring
s003,-67.81567,42.56217,2019-03-02 13:16:31,,2,spring
s003,-67.8155,42.55833,2019-03-02 13:16:39,,2,spring
s003,-67.81533,42.55483,2019-03-02 13:16:46,,2,spring
s003,-67.815,42.55083,2019-03-02 13:16:54,,2,spring
s003,-67.81467,42.5465,2019-03-02 13:17:03,,2,spring
s003,-67.8145,42.5425,2019-03-02 13:17:11,,2,spring
s003,-67.81433,42.5385,2019-03-02 13:17:19,,2,spring
s003,-67.814,42.53467,2019-03-02 13:17:27,,2,spring
s003,-67.81367,42.53083,2019-03-02 13:17:35,,2,spring
s003,-67.8135,42.52733,2019-03-02 13:17:42,,2,spring
s003,-67.81317,42.52333,2019-03-02 13:17:50,,2,spring
s003,-67.81283,42.5195,2019-03-02 13:17:58,,2,spring
s003,-67.81267,42.5155,2019-03-02 13:18:06,,2,spring
s003,-67.81233,42.51117,2019-03-02 13:18:15,,2,spring
s003,-67.81233,42.50733,2019-03-02 13:18:23,,2,spring
s003,-67.814,42.50433,2019-03-02 13:18:30,,2,spring
s003,-67.818,42.5025,2019-03-02 13:18:38,,2,spring
s003,-67.82217,42.50117,2019-03-02 13:18:46,,2,spring
s003,-67.8265,42.5,2019-03-02 13:18:54,,2,spring
s003,-67.83133,42.4995,2019-03-02 13:19:03,,2,spring
s003,-67.8335,42.49933,2019-03-02 13:19:08,,2,spring
s003,-67.83583,42.49917,2019-03-02 13:19:11,,2,spring
s003,-67.84017,42.49917,2019-03-02 13:19:19,,2,spring
s003,-67.84417,42.49933,2019-03-02 13:19:26,,2,spring
s003,-67.84867,42.4995,2019-03-02 13:19:34,,2,spring
s003,-67.85367,42.49967,2019-03-02 13:19:43,,2,spring
s003,-67.85767,42.5,2019-03-02 13:19:50,,2,spring
s003,-67.86217,42.50017,2019-03-02 13:19:58,,2,spring
s003,-67.86667,42.5005,2019-03-02 13:20:06,,2,spring
s003,-67.87117,42.50067,2019-03-02 13:20:14,,2,spring
s003,-67.87633,42.50083,2019-03-02 13:20:23,,2,spring
s003,-67.88083,42.501,2019-03-02 13:20:31,,2,spring
s003,-67.88483,42.501,2019-03-02 13:20:38,,2,spring
s003,-67.89,42.50117,2019-03-02 13:20:47,,2,spring
s003,-67.89467,42.50117,2019-03-02 13:20:55,,2,spring
s003,-67.89917,42.50133,2019-03-02 13:21:03,,2,spring
s003,-67.90383,42.50133,2019-03-02 13:21:11,,2,spring
s003,-67.9085,42.50133,2019-03-02 13:21:19,,2,spring
s003,-67.913,42.50133,2019-03-02 13:21:27,,2,spring
s003,-67.91767,42.50133,2019-03-02 13:21:35,,2,spring
s003,-67.923,42.50133,2019-03-02 13:21:44,,2,spring
s003,-67.9265,42.50133,2019-03-02 13:21:50,,2,spring
s003,-67.93117,42.50133,2019-03-02 13:21:58,,2,spring
s003,-67.93583,42.50133,2019-03-02 13:22:06,,2,spring
s003,-67.941,42.50133,2019-03-02 13:22:15,,2,spring
s003,-67.94517,42.50133,2019-03-02 13:22:22,,2,spring
s003,-67.94983,42.50133,2019-03-02 13:22:30,,2,spring
s003,-67.95467,42.50133,2019-03-02 13:22:38,,2,spring
s003,-67.95933,42.50133,2019-03-02 13:22:46,,2,spring
s003,-67.96417,42.5015,2019-03-02 13:22:54,,2,spring
s003,-67.9695,42.5015,2019-03-02 13:23:03,,2,spring
s003,-67.97417,42.5015,2019-03-02 13:23:11,,2,spring
s003,-67.97883,42.5015,2019-03-02 13:23:19,,2,spring
s003,-67.9835,42.5015,2019-03-02 13:23:27,,2,spring
s003,-67.98817,42.5015,2019-03-02 13:23:35,,2,spring
s003,-67.99283,42.5015,2019-03-02 13:23:43,,2,spring
s003,-67.99733,42.50167,2019-03-02 13:23:51,,2,spring
s003,-68.002,42.50167,2019-03-02 13:23:59,,2,spring
s003,-68.00483,42.50167,2019-03-02 13:24:05,,2,spring
s003,-68.006,42.50167,2019-03-02 13:24:06,,2,spring
s003,-68.01067,42.50167,2019-03-02 13:24:14,,2,spring
s003,-68.01517,42.50167,2019-03-02 13:24:22,,2,spring
s003,-68.02033,42.50167,2019-03-02 13:24:31,,2,spring
s003,-68.025,42.50183,2019-03-02 13:24:39,,2,spring
s003,-68.02967,42.50183,2019-03-02 13:24:47,,2,spring
s003,-68.03433,42.50183,2019-03-02 13:24:55,,2,spring
s003,-68.0395,42.50183,2019-03-02 13:25:04,,2,spring
s003,-68.043,42.50183,2019-03-02 13:25:10,,2,spring
s003,-68.04817,42.50183,2019-03-02 13:25:19,,2,spring
s003,-68.05283,42.50183,2019-03-02 13:25:27,,2,spring
s003,-68.0575,42.50183,2019-03-02 13:25:35,,2,spring
s003,-68.06167,42.50183,2019-03-02 13:25:42,,2,spring
s003,-68.06633,42.50183,2019-03-02 13:25:50,,2,spring
s003,-68.071,42.502,2019-03-02 13:25:58,,2,spring
s003,-68.07583,42.502,2019-03-02 13:26:06,,2,spring
s003,-68.08117,42.502,2019-03-02 13:26:15,,2,spring
s003,-68.08583,42.502,2019-03-02 13:26:23,,2,spring
s003,-68.09067,42.502,2019-03-02 13:26:31,,2,spring
s003,-68.09483,42.502,2019-03-02 13:26:38,,2,spring
s003,-68.0995,42.50217,2019-03-02 13:26:46,,2,spring
s003,-68.10433,42.50217,2019-03-02 13:26:54,,2,spring
s003,-68.109,42.50217,2019-03-02 13:27:02,,2,spring
s003,-68.11383,42.50217,2019-03-02 13:27:10,,2,spring
s003,-68.11917,42.50217,2019-03-02 13:27:19,,2,spring
s003,-68.12383,42.50233,2019-03-02 13:27:27,,2,spring
s003,-68.12867,42.50233,2019-03-02 13:27:35,,2,spring
s003,-68.13283,42.50233,2019-03-02 13:27:42,,2,spring
s003,-68.1375,42.50233,2019-03-02 13:27:50,,2,spring
s003,-68.14233,42.50233,2019-03-02 13:27:58,,2,spring
s003,-68.147,42.5025,2019-03-02 13:28:06,,2,spring
s003,-68.15233,42.5025,2019-03-02 13:28:15,,2,spring
s003,-68.15717,42.5025,2019-03-02 13:28:23,,2,spring
s003,-68.16183,42.5025,2019-03-02 13:28:31,,2,spring
s003,-68.16667,42.5025,2019-03-02 13:28:39,,2,spring
s003,-68.1715,42.5025,2019-03-02 13:28:47,,2,spring
s003,-68.17633,42.5025,2019-03-02 13:28:55,,2,spring
s003,-68.17933,42.5025,2019-03-02 13:29:00,,2,spring
s003,-68.1805,42.5025,2019-03-02 13:29:02,,2,spring
s003,-68.186,42.5025,2019-03-02 13:29:11,,2,spring
s003,-68.19083,42.5025,2019-03-02 13:29:19,,2,spring
s003,-68.19567,42.5025,2019-03-02 13:29:27,,2,spring
s003,-68.20117,42.5025,2019-03-02 13:29:36,,2,spring
s003,-68.20483,42.5025,2019-03-02 13:29:42,,2,spring
s003,-68.20967,42.5025,2019-03-02 13:29:50,,2,spring
s003,-68.21517,42.5025,2019-03-02 13:29:59,,2,spring
s003,-68.22,42.5025,2019-03-02 13:30:07,,2,spring
s003,-68.22483,42.5025,2019-03-02 13:30:15,,2,spring
s003,-68.22967,42.5025,2019-03-02 13:30:23,,2,spring
s003,-68.2345,42.5025,2019-03-02 13:30:31,,2,spring
s003,-68.23933,42.5025,2019-03-02 13:30:39,,2,spring
s003,-68.24367,42.5025,2019-03-02 13:30:46,,2,spring
s003,-68.24867,42.5025,2019-03-02 13:30:54,,2,spring
s003,-68.2535,42.5025,2019-03-02 13:31:02,,2,spring
s003,-68.259,42.5025,2019-03-02 13:31:11,,2,spring
s003,-68.264,42.5025,2019-03-02 13:31:19,,2,spring
s003,-68.26817,42.50267,2019-03-02 13:31:26,,2,spring
s003,-68.273,42.50267,2019-03-02 13:31:34,,2,spring
s003,-68.27783,42.50267,2019-03-02 13:31:42,,2,spring
s003,-68.28283,42.50267,2019-03-02 13:31:50,,2,spring
s003,-68.28767,42.50267,2019-03-02 13:31:58,,2,spring
s003,-68.29267,42.50267,2019-03-02 13:32:06,,2,spring
s003,-68.29817,42.50267,2019-03-02 13:32:15,,2,spring
s003,-68.30317,42.50267,2019-03-02 13:32:23,,2,spring
s003,-68.30867,42.50267,2019-03-02 13:32:32,,2,spring
s003,-68.31233,42.50267,2019-03-02 13:32:38,,2,spring
s003,-68.31717,42.50267,2019-03-02 13:32:46,,2,spring
s003,-68.322,42.50267,2019-03-02 13:32:54,,2,spring
s003,-68.32683,42.50267,2019-03-02 13:33:02,,2,spring
s003,-68.33233,42.50267,2019-03-02 13:33:11,,2,spring
s003,-68.3365,42.50267,2019-03-02 13:33:18,,2,spring
s003,-68.34133,42.50267,2019-03-02 13:33:26,,2,spring
s003,-68.34617,42.50267,2019-03-02 13:33:34,,2,spring
s003,-68.351,42.50267,2019-03-02 13:33:42,,2,spring
s003,-68.35583,42.50267,2019-03-02 13:33:50,,2,spring
s003,-68.36067,42.50267,2019-03-02 13:33:58,,2,spring
s003,-68.366,42.50267,2019-03-02 13:34:07,,2,spring
s003,-68.37083,42.50267,2019-03-02 13:34:15,,2,spring
s003,-68.3755,42.50267,2019-03-02 13:34:23,,2,spring
s003,-68.37983,42.50267,2019-03-02 13:34:30,,2,spring
s003,-68.38467,42.50267,2019-03-02 13:34:38,,2,spring
s003,-68.39,42.50267,2019-03-02 13:34:47,,2,spring
s003,-68.39433,42.50283,2019-03-02 13:34:54,,2,spring
s003,-68.39967,42.50283,2019-03-02 13:35:03,,2,spring
s003,-68.40467,42.50283,2019-03-02 13:35:11,,2,spring
s003,-68.4095,42.50283,2019-03-02 13:35:19,,2,spring
s003,-68.41433,42.50283,2019-03-02 13:35:27,,2,spring
s003,-68.41933,42.50283,2019-03-02 13:35:35,,2,spring
s003,-68.4235,42.50283,2019-03-02 13:35:42,,2,spring
s003,-68.4285,42.50283,2019-03-02 13:35:50,,2,spring
s003,-68.434,42.50283,2019-03-02 13:35:59,,2,spring
s003,-68.43833,42.50283,2019-03-02 13:36:06,,2,spring
s003,-68.44317,42.503,2019-03-02 13:36:14,,2,spring
s003,-68.44867,42.503,2019-03-02 13:36:23,,2,spring
s003,-68.4535,42.503,2019-03-02 13:36:31,,2,spring
s003,-68.45917,42.503,2019-03-02 13:36:40,,2,spring
s003,-68.46283,42.503,2019-03-02 13:36:46,,2,spring
s003,-68.46767,42.503,2019-03-02 13:36:54,,2,spring
s003,-68.47267,42.503,2019-03-02 13:37:02,,2,spring
s003,-68.4775,42.503,2019-03-02 13:37:10,,2,spring
s003,-68.483,42.503,2019-03-02 13:37:19,,2,spring
s003,-68.488,42.503,2019-03-02 13:37:27,,2,spring
s003,-68.49283,42.503,2019-03-02 13:37:35,,2,spring
s003,-68.497,42.503,2019-03-02 13:37:42,,2,spring
s003,-68.5025,42.503,2019-03-02 13:37:51,,2,spring
s003,-68.5075,42.503,2019-03-02 13:37:59,,2,spring
s003,-68.5125,42.503,2019-03-02 13:38:07,,2,spring
s003,-68.51733,42.503,2019-03-02 13:38:15,,2,spring
s003,-68.52167,42.503,2019-03-02 13:38:22,,2,spring
s003,-68.52667,42.503,2019-03-02 13:38:30,,2,spring
s003,-68.53217,42.503,2019-03-02 13:38:39,,2,spring
s003,-68.53717,42.503,2019-03-02 13:38:47,,2,spring
s003,-68.5415,42.503,2019-03-02 13:38:54,,2,spring
s003,-68.54633,42.503,2019-03-02 13:39:02,,2,spring
s003,-68.55133,42.50283,2019-03-02 13:39:10,,2,spring
s003,-68.55633,42.50283,2019-03-02 13:39:18,,2,spring
s003,-68.56133,42.50283,2019-03-02 13:39:26,,2,spring
s003,-68.56617,42.50283,2019-03-02 13:39:34,,2,spring
s003,-68.57117,42.50283,2019-03-02 13:39:42,,2,spring
s003,-68.576,42.50283,2019-03-02 13:39:50,,2,spring
s003,-68.58167,42.50283,2019-03-02 13:39:59,,2,spring
s003,-68.58167,42.50283,2019-03-02 13:40:00,,2,spring
s003,-68.586,42.50283,2019-03-02 13:40:06,,2,spring
s003,-68.591,42.50283,2019-03-02 13:40:14,,2,spring
s003,-68.59583,42.50283,2019-03-02 13:40:22,,2,spring
s003,-68.6015,42.503,2019-03-02 13:40:31,,2,spring
s003,-68.6065,42.503,2019-03-02 13:40:39,,2,spring
s003,-68.61083,42.503,2019-03-02 13:40:46,,2,spring
s003,-68.6165,42.503,2019-03-02 13:40:55,,2,spring
s003,-68.6215,42.503,2019-03-02 13:41:03,,2,spring
s003,-68.6265,42.503,2019-03-02 13:41:11,,2,spring
s003,-68.6315,42.503,2019-03-02 13:41:19,,2,spring
s003,-68.6365,42.503,2019-03-02 13:41:27,,2,spring
s003,-68.6415,42.503,2019-03-02 13:41:35,,2,spring
s003,-68.6465,42.503,2019-03-02 13:41:43,,2,spring
s003,-68.65083,42.503,2019-03-02 13:41:50,,2,spring
s003,-68.65583,42.503,2019-03-02 13:41:58,,2,spring
s003,-68.6615,42.503,2019-03-02 13:42:07,,2,spring
s003,-68.66583,42.503,2019-03-02 13:42:14,,2,spring
s003,-68.67067,42.50283,2019-03-02 13:42:22,,2,spring
s003,-68.67567,42.50283,2019-03-02 13:42:30,,2,spring
s003,-68.68067,42.50283,2019-03-02 13:42:38,,2,spring
s003,-68.6855,42.50283,2019-03-02 13:42:46,,2,spring
s003,-68.691,42.50283,2019-03-02 13:42:55,,2,spring
s003,-68.696,42.50283,2019-03-02 13:43:03,,2,spring
s003,-68.701,42.50283,2019-03-02 13:43:11,,2,spring
s003,-68.706,42.50283,2019-03-02 13:43:19,,2,spring
s003,-68.71033,42.50283,2019-03-02 13:43:26,,2,spring
s003,-68.71517,42.50283,2019-03-02 13:43:34,,2,spring
s003,-68.72017,42.50283,2019-03-02 13:43:42,,2,spring
s003,-68.72583,42.50283,2019-03-02 13:43:51,,2,spring
s003,-68.73067,42.50283,2019-03-02 13:43:59,,2,spring
s003,-68.735,42.50283,2019-03-02 13:44:06,,2,spring
s003,-68.74,42.50283,2019-03-02 13:44:14,,2,spring
s003,-68.745,42.50283,2019-03-02 13:44:22,,2,spring
s003,-68.75,42.50283,2019-03-02 13:44:30,,2,spring
s003,-68.755,42.50283,2019-03-02 13:44:38,,2,spring
s003,-68.75983,42.50283,2019-03-02 13:44:46,,2,spring
s003,-68.76483,42.50283,2019-03-02 13:44:54,,2,spring
s003,-68.7705,42.50283,2019-03-02 13:45:03,,2,spring
s003,-68.77483,42.50283,2019-03-02 13:45:10,,2,spring
s003,-68.77967,42.50283,2019-03-02 13:45:18,,2,spring
s003,-68.78467,42.50267,2019-03-02 13:45:26,,2,spring
s003,-68.79033,42.50267,2019-03-02 13:45:35,,1,spring
s003,-68.7945,42.50267,2019-03-02 13:45:42,,1,spring
s003,-68.7995,42.50267,2019-03-02 13:45:50,,1,spring
s003,-68.8045,42.50267,2019-03-02 13:45:58,,1,spring
s003,-68.81,42.50267,2019-03-02 13:46:07,,1,spring
s003,-68.815,42.50267,2019-03-02 13:46:15,,1,spring
s003,-68.82,42.5025,2019-03-02 13:46:23,,1,spring
s003,-68.82483,42.5025,2019-03-02 13:46:31,,1,spring
s003,-68.83033,42.5025,2019-03-02 13:46:40,,1,spring
s003,-68.83417,42.5025,2019-03-02 13:46:46,,1,spring
s003,-68.839,42.5025,2019-03-02 13:46:54,,1,spring
s003,-68.844,42.5025,2019-03-02 13:47:02,1,1,spring
s003,-68.849,42.5025,2019-03-02 13:47:10,,1,spring
s003,-68.85383,42.5025,2019-03-02 13:47:18,,1,spring
s003,-68.8595,42.5025,2019-03-02 13:47:27,,1,spring
s003,-68.865,42.5025,2019-03-02 13:47:36,,1,spring
s003,-68.86867,42.5025,2019-03-02 13:47:42,,1,spring
s003,-68.87367,42.5025,2019-03-02 13:47:50,,1,spring
s003,-68.87917,42.5025,2019-03-02 13:47:59,,1,spring
s003,-68.88417,42.5025,2019-03-02 13:48:07,,1,spring
s003,-68.8885,42.5025,2019-03-02 13:48:14,,1,spring
s003,-68.89333,42.5025,2019-03-02 13:48:22,,1,spring
s003,-68.899,42.5025,2019-03-02 13:48:31,,1,spring
s003,-68.90383,42.5025,2019-03-02 13:48:39,,1,spring
s003,-68.90867,42.5025,2019-03-02 13:48:47,,1,spring
s003,-68.913,42.5025,2019-03-02 13:48:54,,1,spring
s003,-68.91867,42.50233,2019-03-02 13:49:03,,1,spring
s003,-68.9235,42.50233,2019-03-02 13:49:11,,1,spring
s003,-68.9285,42.50233,2019-03-02 13:49:19,,1,spring
s003,-68.93283,42.50233,2019-03-02 13:49:26,,1,spring
s003,-68.93767,42.50233,2019-03-02 13:49:34,,1,spring
s003,-68.94267,42.50233,2019-03-02 13:49:42,3,1,spring
s003,-68.94817,42.50233,2019-03-02 13:49:51,,1,spring
s003,-68.95317,42.50233,2019-03-02 13:49:59,,1,spring
s003,-68.958,42.50233,2019-03-02 13:50:07,,1,spring
s003,-68.963,42.50233,2019-03-02 13:50:15,,1,spring
s003,-68.968,42.50217,2019-03-02 13:50:23,,1,spring
s003,-68.97283,42.50217,2019-03-02 13:50:31,,1,spring
s003,-68.97717,42.50217,2019-03-02 13:50:38,,1,spring
s003,-68.982,42.50217,2019-03-02 13:50:46,,1,spring
s003,-68.987,42.50217,2019-03-02 13:50:54,,1,spring
s003,-68.99183,42.50217,2019-03-02 13:51:02,,1,spring
s003,-68.99683,42.50217,2019-03-02 13:51:10,,1,spring
s004,-67.08317,42.8975,2019-03-05 11:21:16,,0,spring
s004,-67.08317,42.8935,2019-03-05 11:21:24,,0,spring
s004,-67.08317,42.8895,2019-03-05 11:21:32,,0,spring
s004,-67.08317,42.8855,2019-03-05 11:21:40,,0,spring
s004,-67.08317,42.8815,2019-03-05 11:21:48,,0,spring
s004,-67.08317,42.877,2019-03-05 11:21:57,,0,spring
s004,-67.08317,42.87317,2019-03-05 11:22:05,,0,spring
s004,-67.08317,42.86917,2019-03-05 11:22:13,,0,spring
s004,-67.08317,42.86567,2019-03-05 11:22:20,,0,spring
s004,-67.08317,42.86117,2019-03-05 11:22:29,,0,spring
s004,-67.08317,42.85717,2019-03-05 11:22:37,,0,spring
s004,-67.08317,42.85317,2019-03-05 11:22:45,,0,spring
s004,-67.08317,42.84967,2019-03-05 11:22:52,,0,spring
s004,-67.08317,42.84567,2019-03-05 11:23:00,,0,spring
s004,-67.08317,42.84167,2019-03-05 11:23:08,,0,spring
s004,-67.08317,42.83767,2019-03-05 11:23:16,,0,spring
s004,-67.08317,42.83367,2019-03-05 11:23:24,,0,spring
s004,-67.08317,42.82983,2019-03-05 11:23:32,,0,spring
s004,-67.08317,42.82583,2019-03-05 11:23:40,,0,spring
s004,-67.08317,42.82183,2019-03-05 11:23:48,,0,spring
s004,-67.08317,42.81783,2019-03-05 11:23:56,,0,spring
s004,-67.08317,42.81333,2019-03-05 11:24:05,,0,spring
s004,-67.08317,42.80933,2019-03-05 11:24:13,,0,spring
s004,-67.08317,42.80533,2019-03-05 11:24:21,,0,spring
s004,-67.08317,42.80183,2019-03-05 11:24:28,,0,spring
s004,-67.08317,42.79733,2019-03-05 11:24:37,,0,spring
s004,-67.08317,42.793,2019-03-05 11:24:46,,0,spring
s004,-67.08317,42.79,2019-03-05 11:24:52,,0,spring
s004,-67.08317,42.786,2019-03-05 11:25:00,,0,spring
s004,-67.08317,42.782,2019-03-05 11:25:08,,0,spring
s004,-67.08317,42.778,2019-03-05 11:25:16,,0,spring
s004,-67.08317,42.7735,2019-03-05 11:25:25,,0,spring
s004,-67.08317,42.77,2019-03-05 11:25:32,,0,spring
s004,-67.08317,42.766,2019-03-05 11:25:40,,0,spring
s004,-67.08317,42.7615,2019-03-05 11:25:49,,0,spring
s004,-67.08317,42.758,2019-03-05 11:25:56,,0,spring
s004,-67.08367,42.75417,2019-03-05 11:26:04,,0,spring
s004,-67.08733,42.751,2019-03-05 11:26:13,,0,spring
s004,-67.09167,42.75,2019-03-05 11:26:21,,0,spring
s004,-67.09283,42.74983,2019-03-05 11:26:24,,0,spring
s004,-67.09383,42.74967,2019-03-05 11:26:25,,0,spring
s004,-67.0955,42.74967,2019-03-05 11:26:28,,0,spring
s004,-67.1005,42.7495,2019-03-05 11:26:37,,0,spring
s004,-67.10433,42.7495,2019-03-05 11:26:44,,0,spring
s004,-67.10883,42.7495,2019-03-05 11:26:52,,0,spring
s004,-67.11333,42.7495,2019-03-05 11:27:00,,0,spring
s004,-67.11783,42.74967,2019-03-05 11:27:08,,0,spring
s004,-67.12233,42.74983,2019-03-05 11:27:16,,0,spring
s004,-67.1275,42.75,2019-03-05 11:27:25,,0,spring
s004,-67.132,42.74983,2019-03-05 11:27:33,,0,spring
s004,-67.13733,42.74967,2019-03-05 11:27:42,,0,spring
s004,-67.14067,42.74967,2019-03-05 11:27:48,,0,spring
s004,-67.14533,42.74967,2019-03-05 11:27:56,,0,spring
s004,-67.15,42.74967,2019-03-05 11:28:04,,0,spring
s004,-67.15533,42.74983,2019-03-05 11:28:13,,0,spring
s004,-67.15983,42.74983,2019-03-05 11:28:21,,0,spring
s004,-67.164,42.75,2019-03-05 11:28:28,,0,spring
s004,-67.1685,42.75,2019-03-05 11:28:36,,0,spring
s004,-67.17367,42.75,2019-03-05 11:28:45,,0,spring
s004,-67.17767,42.75,2019-03-05 11:28:52,,0,spring
s004,-67.18217,42.75,2019-03-05 11:29:00,,0,spring
s004,-67.18667,42.75017,2019-03-05 11:29:08,,0,spring
s004,-67.19167,42.75017,2019-03-05 11:29:17,,0,spring
s004,-67.19617,42.75017,2019-03-05 11:29:25,,0,spring
s004,-67.20067,42.75017,2019-03-05 11:29:33,,0,spring
s004,-67.20533,42.75017,2019-03-05 11:29:41,,0,spring
s004,-67.20983,42.75017,2019-03-05 11:29:49,,0,spring
s004,-67.2145,42.75017,2019-03-05 11:29:57,,0,spring
s004,-67.2185,42.75017,2019-03-05 11:30:04,,0,spring
s004,-67.223,42.75017,2019-03-05 11:30:12,,0,spring
s004,-67.22767,42.75017,2019-03-05 11:30:20,,0,spring
s004,-67.23333,42.75017,2019-03-05 11:30:30,,0,spring
s004,-67.23667,42.75017,2019-03-05 11:30:36,,0,spring
s004,-67.24117,42.75017,2019-03-05 11:30:44,,0,spring
s004,-67.24567,42.75033,2019-03-05 11:30:52,,0,spring
s004,-67.25017,42.75033,2019-03-05 11:31:00,,0,spring
s004,-67.2545,42.75033,2019-03-05 11:31:08,,0,spring
s004,-67.259,42.75033,2019-03-05 11:31:16,,0,spring
s004,-67.26333,42.75033,2019-03-05 11:31:24,,0,spring
s004,-67.26767,42.75033,2019-03-05 11:31:32,,0,spring
s004,-67.272,42.75033,2019-03-05 11:31:40,,0,spring
s004,-67.27683,42.75033,2019-03-05 11:31:49,,0,spring
s004,-67.28133,42.75033,2019-03-05 11:31:57,,0,spring
s004,-67.28567,42.75033,2019-03-05 11:32:05,,0,spring
s004,-67.29017,42.75033,2019-03-05 11:32:13,,0,spring
s004,-67.29467,42.75033,2019-03-05 11:32:21,,0,spring
s004,-67.29917,42.75033,2019-03-05 11:32:29,,0,spring
s004,-67.30367,42.75033,2019-03-05 11:32:37,,0,spring
s004,-67.308,42.75033,2019-03-05 11:32:45,,0,spring
s004,-67.312,42.75033,2019-03-05 11:32:52,,0,spring
s004,-67.3165,42.75033,2019-03-05 11:33:00,,0,spring
s004,-67.3215,42.75033,2019-03-05 11:33:09,,0,spring
s004,-67.32583,42.75033,2019-03-05 11:33:17,,0,spring
s004,-67.32967,42.75033,2019-03-05 11:33:24,,0,spring
s004,-67.33467,42.75033,2019-03-05 11:33:33,,0,spring
s004,-67.339,42.75033,2019-03-05 11:33:41,,0,spring
s004,-67.34283,42.75033,2019-03-05 11:33:48,,0,spring
s004,-67.34733,42.75033,2019-03-05 11:33:56,,0,spring
s004,-67.35167,42.75033,2019-03-05 11:34:04,,0,spring
s004,-67.356,42.75033,2019-03-05 11:34:12,,0,spring
s004,-67.361,42.75033,2019-03-05 11:34:21,,0,spring
s004,-67.36533,42.75033,2019-03-05 11:34:29,,0,spring
s004,-67.36917,42.75033,2019-03-05 11:34:36,,0,spring
s004,-67.3735,42.75033,2019-03-05 11:34:44,,0,spring
s004,-67.37783,42.75033,2019-03-05 11:34:52,,0,spring
s004,-67.38267,42.75033,2019-03-05 11:35:01,,0,spring
s004,-67.3865,42.75033,2019-03-05 11:35:08,,0,spring
s004,-67.39133,42.7505,2019-03-05 11:35:17,,0,spring
s004,-67.39567,42.75033,2019-03-05 11:35:25,,0,spring
s004,-67.4,42.75033,2019-03-05 11:35:33,,0,spring
s004,-67.40417,42.75033,2019-03-05 11:35:41,,0,spring
s004,-67.408,42.7505,2019-03-05 11:35:48,,0,spring
s004,-67.41283,42.7505,2019-03-05 11:35:57,,0,spring
s004,-67.41717,42.7505,2019-03-05 11:36:05,,0,spring
s004,-67.42117,42.7505,2019-03-05 11:36:12,,0,spring
s004,-67.426,42.7505,2019-03-05 11:36:21,,0,spring
s004,-67.4305,42.7505,2019-03-05 11:36:29,,0,spring
s004,-67.435,42.7505,2019-03-05 11:36:37,,0,spring
s004,-67.439,42.75033,2019-03-05 11:36:44,,0,spring
s004,-67.4435,42.7505,2019-03-05 11:36:52,,0,spring
s004,-67.448,42.7505,2019-03-05 11:37:00,,0,spring
s004,-67.4525,42.7505,2019-03-05 11:37:08,,0,spring
s004,-67.457,42.7505,2019-03-05 11:37:16,,0,spring
s004,-67.462,42.7505,2019-03-05 11:37:25,,0,spring
s004,-67.4665,42.7505,2019-03-05 11:37:33,,0,spring
s004,-67.471,42.7505,2019-03-05 11:37:41,,0,spring
s004,-67.47567,42.7505,2019-03-05 11:37:49,,0,spring
s004,-67.48017,42.7505,2019-03-05 11:37:57,,0,spring
s004,-67.48417,42.7505,2019-03-05 11:38:04,,0,spring
s004,-67.48867,42.7505,2019-03-05 11:38:12,,0,spring
s004,-67.49383,42.7505,2019-03-05 11:38:21,,0,spring
s004,-67.49833,42.7505,2019-03-05 11:38:29,,0,spring
s004,-67.50283,42.7505,2019-03-05 11:38:37,,0,spring
s004,-67.507,42.7505,2019-03-05 11:38:44,,0,spring
s004,-67.5115,42.7505,2019-03-05 11:38:52,,0,spring
s004,-67.516,42.75033,2019-03-05 11:39:00,,0,spring
s004,-67.521,42.75033,2019-03-05 11:39:09,,0,spring
s004,-67.5255,42.7505,2019-03-05 11:39:17,,0,spring
s004,-67.52983,42.7505,2019-03-05 11:39:25,,0,spring
s004,-67.53433,42.7505,2019-03-05 11:39:33,,0,spring
s004,-67.53883,42.7505,2019-03-05 11:39:41,,0,spring
s004,-67.54367,42.7505,2019-03-05 11:39:50,,0,spring
s004,-67.547,42.75033,2019-03-05 11:39:56,,0,spring
s004,-67.5515,42.75033,2019-03-05 11:40:04,,0,spring
s004,-67.55583,42.75033,2019-03-05 11:40:12,,0,spring
s004,-67.56083,42.75033,2019-03-05 11:40:21,,0,spring
s004,-67.56533,42.75033,2019-03-05 11:40:29,,0,spring
s004,-67.56967,42.75033,2019-03-05 11:40:37,,0,spring
s004,-67.57417,42.75033,2019-03-05 11:40:45,,0,spring
s004,-67.578,42.75033,2019-03-05 11:40:52,,0,spring
s004,-67.5825,42.75033,2019-03-05 11:41:00,,0,spring
s004,-67.58683,42.75033,2019-03-05 11:41:08,,0,spring
s004,-67.59133,42.75033,2019-03-05 11:41:16,,0,spring
s004,-67.59617,42.75033,2019-03-05 11:41:25,,0,spring
s004,-67.60067,42.75033,2019-03-05 11:41:33,,0,spring
s004,-67.605,42.75033,2019-03-05 11:41:41,,0,spring
s004,-67.61,42.75033,2019-03-05 11:41:50,,0,spring
s004,-67.61333,42.75033,2019-03-05 11:41:56,,0,spring
s004,-67.61767,42.75033,2019-03-05 11:42:04,,0,spring
s004,-67.62217,42.75033,2019-03-05 11:42:12,,0,spring
s004,-67.6265,42.75033,2019-03-05 11:42:20,,0,spring
s004,-67.6315,42.75033,2019-03-05 11:42:29,,0,spring
s004,-67.636,42.75033,2019-03-05 11:42:37,,0,spring
s004,-67.6405,42.75017,2019-03-05 11:42:45,,0,spring
s004,-67.64483,42.75017,2019-03-05 11:42:53,,0,spring
s004,-67.64933,42.75017,2019-03-05 11:43:01,,0,spring
s004,-67.65367,42.75017,2019-03-05 11:43:09,,0,spring
s004,-67.65767,42.75017,2019-03-05 11:43:16,,0,spring
s004,-67.662,42.75017,2019-03-05 11:43:24,,0,spring
s004,-67.6665,42.75017,2019-03-05 11:43:32,,0,spring
s004,-67.67083,42.75017,2019-03-05 11:43:40,,0,spring
s004,-67.67517,42.75017,2019-03-05 11:43:48,,0,spring
s004,-67.67967,42.75017,2019-03-05 11:43:56,,0,spring
s004,-67.6845,42.75017,2019-03-05 11:44:05,,0,spring
s004,-67.689,42.75017,2019-03-05 11:44:13,,0,spring
s004,-67.69283,42.75017,2019-03-05 11:44:20,,0,spring
s004,-67.69717,42.75017,2019-03-05 11:44:28,,0,spring
s004,-67.7015,42.75017,2019-03-05 11:44:36,,0,spring
s004,-67.70583,42.75017,2019-03-05 11:44:44,,0,spring
s004,-67.71083,42.75,2019-03-05 11:44:53,,0,spring
s004,-67.71517,42.75,2019-03-05 11:45:01,,0,spring
s004,-67.71967,42.75,2019-03-05 11:45:09,,0,spring
s004,-67.724,42.75,2019-03-05 11:45:17,,0,spring
s004,-67.729,42.75,2019-03-05 11:45:26,,0,spring
s004,-67.73233,42.75,2019-03-05 11:45:32,,0,spring
s004,-67.73667,42.75,2019-03-05 11:45:40,,0,spring
s004,-67.741,42.75,2019-03-05 11:45:48,,0,spring
s004,-67.7455,42.75,2019-03-05 11:45:56,,0,spring
s004,-67.7495,42.74867,2019-03-05 11:46:04,,0,spring
s004,-67.7515,42.74483,2019-03-05 11:46:13,,0,spring
s004,-67.75083,42.7415,2019-03-05 11:46:20,,0,spring
s004,-67.75017,42.73783,2019-03-05 11:46:28,,0,spring
s004,-67.75,42.73533,2019-03-05 11:46:33,,0,spring
s004,-67.74983,42.7335,2019-03-05 11:46:37,,0,spring
s004,-67.74967,42.73017,2019-03-05 11:46:44,,0,spring
s004,-67.7495,42.726,2019-03-05 11:46:53,,0,spring
s004,-67.7495,42.72217,2019-03-05 11:47:01,,0,spring
s004,-67.7495,42.71833,2019-03-05 11:47:09,,0,spring
s004,-67.7495,42.7145,2019-03-05 11:47:17,,0,spring
s004,-67.74967,42.71067,2019-03-05 11:47:25,,0,spring
s004,-67.74967,42.70717,2019-03-05 11:47:32,,0,spring
s004,-67.74967,42.70333,2019-03-05 11:47:40,,0,spring
s004,-67.74967,42.6995,2019-03-05 11:47:48,,0,spring
s004,-67.74967,42.69567,2019-03-05 11:47:56,,0,spring
s004,-67.74967,42.69117,2019-03-05 11:48:05,,0,spring
s004,-67.74967,42.68733,2019-03-05 11:48:13,,0,spring
s004,-67.74967,42.6835,2019-03-05 11:48:21,,0,spring
s004,-67.74967,42.6795,2019-03-05 11:48:29,,0,spring
s004,-67.7495,42.67567,2019-03-05 11:48:37,,0,spring
s004,-67.74933,42.67217,2019-03-05 11:48:44,,0,spring
s004,-67.747,42.66867,2019-03-05 11:48:52,,0,spring
s004,-67.74217,42.66683,2019-03-05 11:49:00,,0,spring
s004,-67.73633,42.66633,2019-03-05 11:49:09,,0,spring
s004,-67.73117,42.66633,2019-03-05 11:49:17,,0,spring
s004,-67.726,42.66633,2019-03-05 11:49:25,,0,spring
s004,-67.7215,42.6665,2019-03-05 11:49:32,,0,spring
s004,-67.71633,42.6665,2019-03-05 11:49:40,,0,spring
s004,-67.71117,42.66667,2019-03-05 11:49:48,,0,spring
s004,-67.70517,42.66667,2019-03-05 11:49:57,,0,spring
s004,-67.70067,42.66667,2019-03-05 11:50:04,,0,spring
s004,-67.69533,42.66667,2019-03-05 11:50:12,,0,spring
s004,-67.69017,42.66667,2019-03-05 11:50:20,,0,spring
s004,-67.68483,42.66683,2019-03-05 11:50:28,,0,spring
s004,-67.6795,42.66683,2019-03-05 11:50:36,,0,spring
s004,-67.67433,42.66683,2019-03-05 11:50:44,,0,spring
s004,-67.669,42.66683,2019-03-05 11:50:52,,0,spring
s004,-67.66367,42.66683,2019-03-05 11:51:00,,0,spring
s004,-67.65767,42.66683,2019-03-05 11:51:09,,0,spring
s004,-67.65233,42.66683,2019-03-05 11:51:17,,0,spring
s004,-67.647,42.66683,2019-03-05 11:51:25,,0,spring
s004,-67.64167,42.66683,2019-03-05 11:51:33,,0,spring
s004,-67.637,42.66683,2019-03-05 11:51:40,,0,spring
s004,-67.63167,42.667,2019-03-05 11:51:48,,0,spring
s004,-67.62633,42.667,2019-03-05 11:51:56,,0,spring
s004,-67.621,42.667,2019-03-05 11:52:04,,0,spring
s004,-67.61517,42.667,2019-03-05 11:52:13,,0,spring
s004,-67.60983,42.667,2019-03-05 11:52:21,,0,spring
s004,-67.6045,42.667,2019-03-05 11:52:29,,0,spring
s004,-67.59917,42.667,2019-03-05 11:52:37,,0,spring
s004,-67.59383,42.667,2019-03-05 11:52:45,,0,spring
s004,-67.5885,42.667,2019-03-05 11:52:53,,0,spring
s004,-67.5825,42.667,2019-03-05 11:53:02,,0,spring
s004,-67.5785,42.667,2019-03-05 11:53:08,,0,spring
s004,-67.5725,42.667,2019-03-05 11:53:17,,0,spring
s004,-67.56717,42.66717,2019-03-05 11:53:25,,0,spring
s004,-67.56183,42.66717,2019-03-05 11:53:33,,0,spring
s004,-67.55717,42.66717,2019-03-05 11:53:40,,0,spring
s004,-67.55133,42.66717,2019-03-05 11:53:49,,0,spring
s004,-67.546,42.66717,2019-03-05 11:53:57,,0,spring
s004,-67.54067,42.66717,2019-03-05 11:54:05,,0,spring
s004,-67.53467,42.66717,2019-03-05 11:54:14,,0,spring
s004,-67.53067,42.66717,2019-03-05 11:54:20,,0,spring
s004,-67.52467,42.66717,2019-03-05 11:54:29,,0,spring
s004,-67.51933,42.66717,2019-03-05 11:54:37,,0,spring
s004,-67.514,42.66717,2019-03-05 11:54:45,,0,spring
s004,-67.50867,42.66717,2019-03-05 11:54:53,,0,spring
s004,-67.50333,42.66717,2019-03-05 11:55:01,,0,spring
s004,-67.49733,42.66717,2019-03-05 11:55:10,,0,spring
s004,-67.49333,42.66717,2019-03-05 11:55:16,,0,spring
s004,-67.48733,42.66717,2019-03-05 11:55:25,,0,spring
s004,-67.48133,42.66717,2019-03-05 11:55:34,,0,spring
s004,-67.47733,42.66717,2019-03-05 11:55:40,,0,spring
s004,-67.47133,42.66717,2019-03-05 11:55:49,,0,spring
s004,-67.4655,42.66717,2019-03-05 11:55:58,,0,spring
s004,-67.4615,42.66717,2019-03-05 11:56:04,,0,spring
s004,-67.4555,42.66717,2019-03-05 11:56:13,,0,spring
s004,-67.45083,42.66717,2019-03-05 11:56:20,,0,spring
s004,-67.4455,42.66717,2019-03-05 11:56:28,,0,spring
s004,-67.4395,42.66717,2019-03-05 11:56:37,,0,spring
s004,-67.435,42.66717,2019-03-05 11:56:44,,0,spring
s004,-67.42967,42.66717,2019-03-05 11:56:52,,0,spring
s004,-67.42433,42.66717,2019-03-05 11:57:00,,0,spring
s004,-67.41833,42.66717,2019-03-05 11:57:09,,0,spring
s004,-67.41317,42.66717,2019-03-05 11:57:17,,0,spring
s004,-67.4085,42.66717,2019-03-05 11:57:24,,0,spring
s004,-67.40317,42.66717,2019-03-05 11:57:32,,0,spring
s004,-67.39783,42.66717,2019-03-05 11:57:40,,0,spring
s004,-67.39183,42.66717,2019-03-05 11:57:49,,0,spring
s004,-67.38717,42.66717,2019-03-05 11:57:56,,0,spring
s004,-67.38183,42.66717,2019-03-05 11:58:04,,0,spring
s004,-67.3765,42.66717,2019-03-05 11:58:12,,0,spring
s004,-67.37117,42.66717,2019-03-05 11:58:20,,0,spring
s004,-67.36583,42.66717,2019-03-05 11:58:28,,0,spring
s004,-67.35983,42.66717,2019-03-05 11:58:37,,0,spring
s004,-67.3545,42.66717,2019-03-05 11:58:45,,0,spring
s004,-67.34917,42.66717,2019-03-05 11:58:53,,0,spring
s004,-67.34383,42.66717,2019-03-05 11:59:01,,0,spring
s004,-67.3385,42.66717,2019-03-05 11:59:09,,0,spring
s004,-67.333,42.66717,2019-03-05 11:59:17,,0,spring
s004,-67.32767,42.66717,2019-03-05 11:59:25,,0,spring
s004,-67.323,42.66717,2019-03-05 11:59:32,,0,spring
s004,-67.31767,42.66717,2019-03-05 11:59:40,,0,spring
s004,-67.31217,42.66717,2019-03-05 11:59:48,,0,spring
s004,-67.30683,42.66717,2019-03-05 11:59:56,,0,spring
s004,-67.30083,42.66717,2019-03-05 12:00:05,,0,spring
s004,-67.29533,42.66717,2019-03-05 12:00:13,,0,spring
s004,-67.29,42.66717,2019-03-05 12:00:21,,0,spring
s004,-67.28533,42.66717,2019-03-05 12:00:28,,0,spring
s004,-67.28,42.66717,2019-03-05 12:00:36,,0,spring
s004,-67.27467,42.66717,2019-03-05 12:00:44,,0,spring
s004,-67.26933,42.667,2019-03-05 12:00:52,,0,spring
s004,-67.264,42.667,2019-03-05 12:01:00,,0,spring
s004,-67.25867,42.667,2019-03-05 12:01:08,,0,spring
s004,-67.25267,42.667,2019-03-05 12:01:17,,0,spring
s004,-67.24717,42.667,2019-03-05 12:01:25,,0,spring
s004,-67.24183,42.667,2019-03-05 12:01:33,,0,spring
s004,-67.23717,42.667,2019-03-05 12:01:40,,0,spring
s004,-67.23183,42.667,2019-03-05 12:01:48,,0,spring
s004,-67.2265,42.667,2019-03-05 12:01:56,,0,spring
s004,-67.22117,42.667,2019-03-05 12:02:04,,0,spring
s004,-67.21583,42.667,2019-03-05 12:02:12,,0,spring
s004,-67.2105,42.667,2019-03-05 12:02:20,,0,spring
s004,-67.20517,42.667,2019-03-05 12:02:28,,0,spring
s004,-67.19983,42.667,2019-03-05 12:02:36,,0,spring
s004,-67.19367,42.667,2019-03-05 12:02:45,,0,spring
s004,-67.18833,42.667,2019-03-05 12:02:53,,0,spring
s004,-67.183,42.667,2019-03-05 12:03:01,,0,spring
s004,-67.17783,42.667,2019-03-05 12:03:09,,0,spring
s004,-67.17233,42.667,2019-03-05 12:03:17,,0,spring
s004,-67.16767,42.667,2019-03-05 12:03:24,,0,spring
s004,-67.16233,42.667,2019-03-05 12:03:32,,0,spring
s004,-67.157,42.66683,2019-03-05 12:03:40,,1,spring
s004,-67.151,42.66683,2019-03-05 12:03:49,,1,spring
s004,-67.14567,42.66683,2019-03-05 12:03:57,,1,spring
s004,-67.141,42.66683,2019-03-05 12:04:04,,1,spring
s004,-67.135,42.66683,2019-03-05 12:04:13,,1,spring
s004,-67.129,42.66683,2019-03-05 12:04:22,,1,spring
s004,-67.125,42.66683,2019-03-05 12:04:28,,1,spring
s004,-67.11967,42.66683,2019-03-05 12:04:36,,1,spring
s004,-67.11433,42.66683,2019-03-05 12:04:44,,1,spring
s004,-67.109,42.66667,2019-03-05 12:04:52,,1,spring
s004,-67.10367,42.66667,2019-03-05 12:05:00,,1,spring
s004,-67.09833,42.66667,2019-03-05 12:05:08,,1,spring
s004,-67.093,42.6665,2019-03-05 12:05:16,,1,spring
s004,-67.08767,42.66617,2019-03-05 12:05:24,,1,spring
s004,-67.0835,42.6635,2019-03-05 12:05:32,,1,spring
s004,-67.08233,42.6595,2019-03-05 12:05:40,,1,spring
s004,-67.0825,42.65767,2019-03-05 12:05:45,,1,spring
s004,-67.08283,42.65567,2019-03-05 12:05:48,,1,spring
s004,-67.083,42.65133,2019-03-05 12:05:57,,1,spring
s004,-67.08283,42.64733,2019-03-05 12:06:05,,1,spring
s004,-67.0825,42.64383,2019-03-05 12:06:12,,1,spring
s004,-67.08233,42.63933,2019-03-05 12:06:21,,1,spring
s004,-67.08233,42.63583,2019-03-05 12:06:28,,1,spring
s004,-67.0825,42.63183,2019-03-05 12:06:36,,1,spring
s004,-67.0825,42.62717,2019-03-05 12:06:45,,1,spring
s004,-67.0825,42.62317,2019-03-05 12:06:53,,1,spring
s004,-67.08233,42.6195,2019-03-05 12:07:00,,1,spring
s004,-67.08217,42.615,2019-03-05 12:07:09,,1,spring
s004,-67.082,42.61083,2019-03-05 12:07:17,,1,spring
s004,-67.082,42.60683,2019-03-05 12:07:25,,1,spring
s004,-67.082,42.60333,2019-03-05 12:07:32,,1,spring
s004,-67.082,42.59867,2019-03-05 12:07:41,,1,spring
s004,-67.082,42.59467,2019-03-05 12:07:49,,1,spring
s004,-67.082,42.59117,2019-03-05 12:07:56,,1,spring
s004,-67.08333,42.58733,2019-03-05 12:08:04,,1,spring
s004,-67.08733,42.58533,2019-03-05 12:08:12,,1,spring
s004,-67.09217,42.58467,2019-03-05 12:08:21,,1,spring
s004,-67.09317,42.5845,2019-03-05 12:08:23,,1,spring
s004,-67.0965,42.58383,2019-03-05 12:08:29,,1,spring
s004,-67.10017,42.58333,2019-03-05 12:08:36,,1,spring
s004,-67.1045,42.58283,2019-03-05 12:08:44,,1,spring
s004,-67.1095,42.58267,2019-03-05 12:08:53,,1,spring
s004,-67.1145,42.58267,2019-03-05 12:09:02,,1,spring
s004,-67.11783,42.58267,2019-03-05 12:09:08,5,1,spring
s004,-67.12283,42.58283,2019-03-05 12:09:17,,1,spring
s004,-67.12667,42.58283,2019-03-05 12:09:24,,1,spring
s004,-67.13117,42.583,2019-03-05 12:09:32,,1,spring
s004,-67.1355,42.583,2019-03-05 12:09:40,,1,spring
s004,-67.14,42.583,2019-03-05 12:09:48,,1,spring
s004,-67.14433,42.58317,2019-03-05 12:09:56,,1,spring
s004,-67.14933,42.58317,2019-03-05 12:10:05,,1,spring
s004,-67.15383,42.58317,2019-03-05 12:10:13,,1,spring
s004,-67.15817,42.58333,2019-03-05 12:10:21,,1,spring
s004,-67.162,42.58333,2019-03-05 12:10:28,,1,spring
s004,-67.167,42.58333,2019-03-05 12:10:37,,1,spring
s004,-67.171,42.58333,2019-03-05 12:10:44,,1,spring
s004,-67.17533,42.58333,2019-03-05 12:10:52,,1,spring
s004,-67.18033,42.58333,2019-03-05 12:11:01,,1,spring
s004,-67.18433,42.58333,2019-03-05 12:11:08,,1,spring
s004,-67.18883,42.5835,2019-03-05 12:11:16,,1,spring
s004,-67.19317,42.5835,2019-03-05 12:11:24,,2,spring
s004,-67.19767,42.5835,2019-03-05 12:11:32,,2,spring
s004,-67.20217,42.5835,2019-03-05 12:11:40,,2,spring
s004,-67.20717,42.5835,2019-03-05 12:11:49,,2,spring
s004,-67.2115,42.5835,2019-03-05 12:11:57,,2,spring
s004,-67.216,42.5835,2019-03-05 12:12:05,,2,spring
s004,-67.22033,42.5835,2019-03-05 12:12:13,,2,spring
s004,-67.22483,42.58367,2019-03-05 12:12:21,2,2,spring
s004,-67.22867,42.58367,2019-03-05 12:12:28,,2,spring
s004,-67.23317,42.58367,2019-03-05 12:12:36,,2,spring
s004,-67.2375,42.58367,2019-03-05 12:12:44,,2,spring
s004,-67.242,42.58367,2019-03-05 12:12:52,,2,spring
s004,-67.24633,42.58367,2019-03-05 12:13:00,,2,spring
s004,-67.25083,42.58367,2019-03-05 12:13:08,1,2,spring
s004,-67.25533,42.58367,2019-03-05 12:13:16,,2,spring
s004,-67.25967,42.58367,2019-03-05 12:13:24,,2,spring
s004,-67.26467,42.58367,2019-03-05 12:13:33,,2,spring
s004,-67.26867,42.58367,2019-03-05 12:13:40,,2,spring
s004,-67.27367,42.58367,2019-03-05 12:13:49,,2,spring
s004,-67.278,42.58367,2019-03-05 12:13:57,,2,spring
s004,-67.282,42.58367,2019-03-05 12:14:04,,2,spring
s004,-67.28633,42.58367,2019-03-05 12:14:12,,2,spring
s004,-67.29133,42.58367,2019-03-05 12:14:21,,2,spring
s004,-67.29533,42.58367,2019-03-05 12:14:28,,2,spring
s004,-67.29983,42.58383,2019-03-05 12:14:36,,2,spring
s004,-67.30483,42.58383,2019-03-05 12:14:45,,2,spring
s004,-67.30917,42.58383,2019-03-05 12:14:53,,2,spring
s004,-67.31367,42.58383,2019-03-05 12:15:01,,2,spring
s004,-67.31767,42.58383,2019-03-05 12:15:08,,2,spring
s004,-67.32217,42.58383,2019-03-05 12:15:16,,2,spring
s004,-67.3265,42.58383,2019-03-05 12:15:24,,2,spring
s004,-67.33167,42.58383,2019-03-05 12:15:33,,2,spring
s004,-67.336,42.58383,2019-03-05 12:15:41,,2,spring
s004,-67.3405,42.58383,2019-03-05 12:15:49,,2,spring
s004,-67.345,42.58383,2019-03-05 12:15:57,,2,spring
s004,-67.349,42.58383,2019-03-05 12:16:04,,2,spring
s004,-67.35333,42.58383,2019-03-05 12:16:12,,2,spring
s004,-67.35783,42.58383,2019-03-05 12:16:20,,2,spring
s004,-67.36233,42.58383,2019-03-05 12:16:28,,2,spring
s004,-67.36683,42.58383,2019-03-05 12:16:36,,2,spring
s004,-67.37133,42.58383,2019-03-05 12:16:44,,2,spring
s004,-67.37633,42.58383,2019-03-05 12:16:53,,2,spring
s004,-67.38017,42.58383,2019-03-05 12:17:00,,2,spring
s004,-67.38467,42.58383,2019-03-05 12:17:08,,2,spring
s004,-67.38983,42.58383,2019-03-05 12:17:17,,2,spring
s004,-67.39367,42.58383,2019-03-05 12:17:24,,2,spring
s004,-67.39817,42.584,2019-03-05 12:17:32,,2,spring
s004,-67.40333,42.584,2019-03-05 12:17:41,,2,spring
s004,-67.40717,42.584,2019-03-05 12:17:48,,2,spring
s004,-67.41167,42.584,2019-03-05 12:17:56,,2,spring
s004,-67.41683,42.58383,2019-03-05 12:18:05,,2,spring
s004,-67.42067,42.58383,2019-03-05 12:18:12,,2,spring
s004,-67.42583,42.58383,2019-03-05 12:18:21,,2,spring
s004,-67.43033,42.58383,2019-03-05 12:18:29,,2,spring
s004,-67.43467,42.58383,2019-03-05 12:18:37,,2,spring
s004,-67.43917,42.58383,2019-03-05 12:18:45,,2,spring
s004,-67.44317,42.58383,2019-03-05 12:18:52,,2,spring
s004,-67.4475,42.58383,2019-03-05 12:19:00,,2,spring
s004,-67.452,42.58383,2019-03-05 12:19:08,,2,spring
s004,-67.4565,42.58383,2019-03-05 12:19:16,,2,spring
s004,-67.461,42.58383,2019-03-05 12:19:24,,2,spring
s004,-67.4655,42.58383,2019-03-05 12:19:32,,2,spring
s004,-67.4705,42.58383,2019-03-05 12:19:41,,2,spring
s004,-67.4745,42.58383,2019-03-05 12:19:48,,2,spring
s004,-67.47883,42.58383,2019-03-05 12:19:56,,2,spring
s004,-67.484,42.58383,2019-03-05 12:20:05,,2,spring
s004,-67.48783,42.58383,2019-03-05 12:20:12,,2,spring
s004,-67.49283,42.58383,2019-03-05 12:20:21,,2,spring
s004,-67.49733,42.58383,2019-03-05 12:20:29,,2,spring
s004,-67.50133,42.58383,2019-03-05 12:20:36,,2,spring
s004,-67.50633,42.58383,2019-03-05 12:20:45,,2,spring
s004,-67.51083,42.58383,2019-03-05 12:20:53,,2,spring
s004,-67.51483,42.58383,2019-03-05 12:21:00,,2,spring
s004,-67.51933,42.58383,2019-03-05 12:21:08,,2,spring
s004,-67.52383,42.58383,2019-03-05 12:21:16,,2,spring
s004,-67.52883,42.58383,2019-03-05 12:21:25,,2,spring
s004,-67.53283,42.58383,2019-03-05 12:21:32,,2,spring
s004,-67.53733,42.58383,2019-03-05 12:21:40,,2,spring
s004,-67.54183,42.58383,2019-03-05 12:21:48,,2,spring
s004,-67.54633,42.58383,2019-03-05 12:21:56,,2,spring
s004,-67.55083,42.58383,2019-03-05 12:22:04,,2,spring
s004,-67.55583,42.58383,2019-03-05 12:22:13,,2,spring
s004,-67.56033,42.58383,2019-03-05 12:22:21,,2,spring
s004,-67.56483,42.58367,2019-03-05 12:22:29,,2,spring
s004,-67.5695,42.58367,2019-03-05 12:22:37,,2,spring
s004,-67.574,42.58367,2019-03-05 12:22:45,,2,spring
s004,-67.579,42.58367,2019-03-05 12:22:54,,2,spring
s004,-67.5825,42.58367,2019-03-05 12:23:00,,2,spring
s004,-67.5875,42.58367,2019-03-05 12:23:09,,2,spring
s004,-67.592,42.58367,2019-03-05 12:23:17,,2,spring
s004,-67.5965,42.58367,2019-03-05 12:23:25,,2,spring
s004,-67.6005,42.58367,2019-03-05 12:23:32,,2,spring
s004,-67.605,42.58367,2019-03-05 12:23:40,,2,spring
s004,-67.6095,42.58367,2019-03-05 12:23:48,,2,spring
s004,-67.614,42.58367,2019-03-05 12:23:56,,2,spring
s004,-67.6185,42.58367,2019-03-05 12:24:04,,2,spring
s004,-67.62317,42.58367,2019-03-05 12:24:12,,2,spring
s004,-67.62817,42.58367,2019-03-05 12:24:21,,2,spring
s004,-67.63267,42.58367,2019-03-05 12:24:29,,2,spring
s004,-67.63733,42.58367,2019-03-05 12:24:37,,2,spring
s004,-67.64117,42.58367,2019-03-05 12:24:44,,2,spring
s004,-67.64567,42.58367,2019-03-05 12:24:52,,2,spring
s004,-67.65083,42.5835,2019-03-05 12:25:01,,2,spring
s004,-67.65533,42.5835,2019-03-05 12:25:09,,2,spring
s004,-67.65983,42.5835,2019-03-05 12:25:17,,2,spring
s004,-67.66433,42.5835,2019-03-05 12:25:25,,2,spring
s004,-67.66833,42.5835,2019-03-05 12:25:32,,2,spring
s004,-67.67283,42.5835,2019-03-05 12:25:40,,2,spring
s004,-67.67783,42.5835,2019-03-05 12:25:49,,2,spring
s004,-67.68183,42.5835,2019-03-05 12:25:56,,2,spring
s004,-67.68633,42.5835,2019-03-05 12:26:04,,2,spring
s004,-67.69133,42.5835,2019-03-05 12:26:13,,2,spring
s004,-67.69533,42.58333,2019-03-05 12:26:20,,2,spring
s004,-67.69983,42.58317,2019-03-05 12:26:28,,2,spring
s004,-67.70483,42.58317,2019-03-05 12:26:37,,2,spring
s004,-67.70867,42.583,2019-03-05 12:26:44,,2,spring
s004,-67.71317,42.583,2019-03-05 12:26:52,,2,spring
s004,-67.71767,42.58317,2019-03-05 12:27:00,,2,spring
s004,-67.72267,42.58317,2019-03-05 12:27:09,,2,spring
s004,-67.727,42.58317,2019-03-05 12:27:17,,2,spring
s004,-67.7315,42.58317,2019-03-05 12:27:25,,2,spring
s004,-67.73533,42.58317,2019-03-05 12:27:32,,2,spring
s004,-67.73983,42.583,2019-03-05 12:27:40,,2,spring
s004,-67.74417,42.58067,2019-03-05 12:27:49,,2,spring
s004,-67.7455,42.577,2019-03-05 12:27:57,,2,spring
s004,-67.74617,42.573,2019-03-05 12:28:05,,2,spring
s004,-67.74667,42.569,2019-03-05 12:28:13,,2,spring
s004,-67.74667,42.56817,2019-03-05 12:28:15,,2,spring
s004,-67.747,42.56517,2019-03-05 12:28:21,,2,spring
s004,-67.748,42.56117,2019-03-05 12:28:29,,2,spring
s004,-67.749,42.55733,2019-03-05 12:28:37,,2,spring
s004,-67.74917,42.55317,2019-03-05 12:28:45,,2,spring
s004,-67.749,42.54867,2019-03-05 12:28:54,,2,spring
s004,-67.74883,42.5455,2019-03-05 12:29:00,,2,spring
s004,-67.74883,42.541,2019-03-05 12:29:09,,2,spring
s004,-67.74883,42.53633,2019-03-05 12:29:18,,2,spring
s004,-67.74883,42.53333,2019-03-05 12:29:24,,2,spring
s004,-67.749,42.52867,2019-03-05 12:29:33,,2,spring
s004,-67.749,42.52517,2019-03-05 12:29:40,,2,spring
s004,-67.74917,42.521,2019-03-05 12:29:48,,2,spring
s004,-67.74917,42.5165,2019-03-05 12:29:57,,2,spring
s004,-67.749,42.513,2019-03-05 12:30:04,,2,spring
s004,-67.74867,42.50883,2019-03-05 12:30:12,,2,spring
s004,-67.7475,42.50483,2019-03-05 12:30:20,,2,spring
s004,-67.74383,42.5015,2019-03-05 12:30:28,,2,spring
s004,-67.73883,42.5,2019-03-05 12:30:36,,2,spring
s004,-67.7335,42.49967,2019-03-05 12:30:44,,2,spring
s004,-67.72817,42.4995,2019-03-05 12:30:52,,2,spring
s004,-67.72233,42.49967,2019-03-05 12:31:01,,2,spring
s004,-67.717,42.49983,2019-03-05 12:31:09,,2,spring
s004,-67.71167,42.49983,2019-03-05 12:31:17,,2,spring
s004,-67.7065,42.5,2019-03-05 12:31:25,,2,spring
s004,-67.70117,42.5,2019-03-05 12:31:33,,2,spring
s004,-67.69567,42.5,2019-03-05 12:31:41,,2,spring
s004,-67.691,42.5,2019-03-05 12:31:48,,2,spring
s004,-67.68567,42.50017,2019-03-05 12:31:56,,2,spring
s004,-67.67967,42.50017,2019-03-05 12:32:05,,2,spring
s004,-67.67433,42.50017,2019-03-05 12:32:13,,2,spring
s004,-67.669,42.50017,2019-03-05 12:32:21,,2,spring
s004,-67.66433,42.50017,2019-03-05 12:32:28,,2,spring
s004,-67.659,42.50017,2019-03-05 12:32:36,,2,spring
s004,-67.65367,42.50017,2019-03-05 12:32:44,,2,spring
s004,-67.64767,42.50017,2019-03-05 12:32:53,,2,spring
s004,-67.64233,42.50017,2019-03-05 12:33:01,,2,spring
s004,-67.637,42.50017,2019-03-05 12:33:09,,2,spring
s004,-67.63217,42.50017,2019-03-05 12:33:16,,2,spring
s004,-67.62683,42.50017,2019-03-05 12:33:24,,2,spring
s004,-67.6215,42.50017,2019-03-05 12:33:32,,2,spring
s004,-67.61617,42.50033,2019-03-05 12:33:40,,2,spring
s004,-67.61067,42.50033,2019-03-05 12:33:48,,2,spring
s004,-67.60467,42.50033,2019-03-05 12:33:57,,2,spring
s004,-67.59933,42.50033,2019-03-05 12:34:05,,2,spring
s004,-67.59383,42.50033,2019-03-05 12:34:13,,2,spring
s004,-67.5885,42.50033,2019-03-05 12:34:21,,2,spring
s004,-67.5825,42.50033,2019-03-05 12:34:30,,2,spring
s004,-67.5785,42.50033,2019-03-05 12:34:36,,2,spring
s004,-67.57317,42.50033,2019-03-05 12:34:44,,2,spring
s004,-67.56767,42.50033,2019-03-05 12:34:52,,2,spring
s004,-67.56233,42.50033,2019-03-05 12:35:00,,2,spring
s004,-67.55633,42.50033,2019-03-05 12:35:09,,2,spring
s004,-67.55033,42.5005,2019-03-05 12:35:18,,2,spring
s004,-67.54633,42.5005,2019-03-05 12:35:24,,2,spring
s004,-67.54017,42.5005,2019-03-05 12:35:33,,2,spring
s004,-67.53483,42.5005,2019-03-05 12:35:41,,2,spring
s004,-67.53217,42.5005,2019-03-05 12:35:45,,2,spring
s004,-67.5295,42.5005,2019-03-05 12:35:49,,2,spring
s004,-67.52417,42.5005,2019-03-05 12:35:57,,2,spring
s004,-67.5195,42.5005,2019-03-05 12:36:04,,2,spring
s004,-67.51417,42.5005,2019-03-05 12:36:12,,2,spring
s004,-67.50883,42.5005,2019-03-05 12:36:20,,2,spring
s004,-67.50283,42.5005,2019-03-05 12:36:29,,2,spring
s004,-67.4975,42.5005,2019-03-05 12:36:37,,2,spring
s004,-67.49217,42.5005,2019-03-05 12:36:45,,2,spring
s004,-67.48683,42.5005,2019-03-05 12:36:53,,2,spring
s004,-67.4815,42.5005,2019-03-05 12:37:01,,2,spring
s004,-67.47617,42.5005,2019-03-05 12:37:09,,2,spring
s004,-67.4715,42.5005,2019-03-05 12:37:16,,2,spring
s004,-67.466,42.5005,2019-03-05 12:37:24,,2,spring
s004,-67.46067,42.5005,2019-03-05 12:37:32,,2,spring
s004,-67.45533,42.5005,2019-03-05 12:37:40,,2,spring
s004,-67.45,42.5005,2019-03-05 12:37:48,,2,spring
s004,-67.44467,42.5005,2019-03-05 12:37:56,,2,spring
s004,-67.43933,42.5005,2019-03-05 12:38:04,,2,spring
s004,-67.434,42.5005,2019-03-05 12:38:12,,2,spring
s004,-67.4285,42.5005,2019-03-05 12:38:20,3,2,spring
s004,-67.4225,42.5005,2019-03-05 12:38:29,,2,spring
s004,-67.41783,42.5005,2019-03-05 12:38:36,,2,spring
s004,-67.4125,42.5005,2019-03-05 12:38:44,,2,spring
s004,-67.4065,42.5005,2019-03-05 12:38:53,,2,spring
s004,-67.40167,42.5005,2019-03-05 12:39:00,,2,spring
s004,-67.39633,42.5005,2019-03-05 12:39:08,,2,spring
s004,-67.391,42.5005,2019-03-05 12:39:16,,2,spring
s004,-67.385,42.5005,2019-03-05 12:39:25,,2,spring
s004,-67.37883,42.5005,2019-03-05 12:39:34,,2,spring
s004,-67.37483,42.5005,2019-03-05 12:39:40,,2,spring
s004,-67.36883,42.5005,2019-03-05 12:39:49,,2,spring
s004,-67.36417,42.5005,2019-03-05 12:39:56,,2,spring
s004,-67.35883,42.5005,2019-03-05 12:40:04,,2,spring
s004,-67.35267,42.5005,2019-03-05 12:40:13,,2,spring
s004,-67.348,42.5005,2019-03-05 12:40:20,,2,spring
s004,-67.34267,42.5005,2019-03-05 12:40:28,,2,spring
s004,-67.33667,42.5005,2019-03-05 12:40:37,,2,spring
s004,-67.33117,42.5005,2019-03-05 12:40:45,,2,spring
s004,-67.32583,42.5005,2019-03-05 12:40:53,,2,spring
s004,-67.3205,42.5005,2019-03-05 12:41:01,,2,spring
s004,-67.315,42.5005,2019-03-05 12:41:09,,2,spring
s004,-67.30967,42.5005,2019-03-05 12:41:17,,2,spring
s004,-67.305,42.5005,2019-03-05 12:41:24,,2,spring
s004,-67.29967,42.5005,2019-03-05 12:41:32,,2,spring
s004,-67.29417,42.5005,2019-03-05 12:41:40,,2,spring
s004,-67.28883,42.5005,2019-03-05 12:41:48,,2,spring
s004,-67.28333,42.5005,2019-03-05 12:41:56,,2,spring
s004,-67.278,42.5005,2019-03-05 12:42:04,,2,spring
s004,-67.272,42.5005,2019-03-05 12:42:13,,2,spring
s004,-67.2665,42.5005,2019-03-05 12:42:21,,2,spring
s004,-67.26117,42.50033,2019-03-05 12:42:29,,2,spring
s004,-67.25633,42.5005,2019-03-05 12:42:36,,2,spring
s004,-67.251,42.5005,2019-03-05 12:42:44,,2,spring
s004,-67.2455,42.5005,2019-03-05 12:42:52,,2,spring
s004,-67.24017,42.5005,2019-03-05 12:43:00,,2,spring
s004,-67.23483,42.50033,2019-03-05 12:43:08,,2,spring
s004,-67.2295,42.50033,2019-03-05 12:43:16,,2,spring
s004,-67.224,42.50033,2019-03-05 12:43:24,,2,spring
s004,-67.218,42.50033,2019-03-05 12:43:33,,2,spring
s004,-67.21267,42.50033,2019-03-05 12:43:41,,2,spring
s004,-67.20733,42.50033,2019-03-05 12:43:49,,2,spring
s004,-67.202,42.50033,2019-03-05 12:43:57,,2,spring
s004,-67.1975,42.50033,2019-03-05 12:44:04,,2,spring
s004,-67.19217,42.50033,2019-03-05 12:44:12,,2,spring
s004,-67.18683,42.50033,2019-03-05 12:44:20,,2,spring
s004,-67.1815,42.50033,2019-03-05 12:44:28,,2,spring
s004,-67.1755,42.50033,2019-03-05 12:44:37,,2,spring
s004,-67.17017,42.50033,2019-03-05 12:44:45,,2,spring
s004,-67.165,42.50033,2019-03-05 12:44:53,,2,spring
s004,-67.159,42.50017,2019-03-05 12:45:02,,2,spring
s004,-67.155,42.50017,2019-03-05 12:45:08,,2,spring
s004,-67.14967,42.50017,2019-03-05 12:45:16,,2,spring
s004,-67.14417,42.50017,2019-03-05 12:45:24,,2,spring
s004,-67.13883,42.50017,2019-03-05 12:45:32,,2,spring
s004,-67.1335,42.50017,2019-03-05 12:45:40,,2,spring
s004,-67.1275,42.50017,2019-03-05 12:45:49,,2,spring
s004,-67.1215,42.50017,2019-03-05 12:45:58,,2,spring
s004,-67.1175,42.50017,2019-03-05 12:46:04,,2,spring
s004,-67.1115,42.5,2019-03-05 12:46:13,,2,spring
s004,-67.1055,42.5,2019-03-05 12:46:22,,2,spring
s004,-67.10133,42.5,2019-03-05 12:46:28,,2,spring
s004,-67.096,42.49983,2019-03-05 12:46:36,,2,spring
s004,-67.09067,42.49917,2019-03-05 12:46:44,,2,spring
s004,-67.08667,42.49633,2019-03-05 12:46:52,,2,spring
s004,-67.08533,42.49233,2019-03-05 12:47:00,,2,spring
s004,-67.08517,42.49133,2019-03-05 12:47:03,,2,spring
s004,-67.08433,42.48783,2019-03-05 12:47:09,,2,spring
s004,-67.08333,42.48383,2019-03-05 12:47:17,,2,spring
s004,-67.08267,42.47983,2019-03-05 12:47:25,,2,spring
s004,-67.08233,42.47633,2019-03-05 12:47:32,,2,spring
s004,-67.08217,42.47233,2019-03-05 12:47:40,,2,spring
s004,-67.08217,42.46833,2019-03-05 12:47:48,,2,spring
s004,-67.08233,42.46417,2019-03-05 12:47:56,,2,spring
s004,-67.0825,42.46017,2019-03-05 12:48:04,,2,spring
s004,-67.08267,42.45617,2019-03-05 12:48:12,,2,spring
s004,-67.08267,42.45217,2019-03-05 12:48:20,,2,spring
s004,-67.08283,42.448,2019-03-05 12:48:28,,2,spring
s004,-67.08283,42.443,2019-03-05 12:48:38,,2,spring
s004,-67.08283,42.44,2019-03-05 12:48:44,,2,spring
s004,-67.08283,42.436,2019-03-05 12:48:52,,2,spring
s004,-67.08283,42.432,2019-03-05 12:49:00,,2,spring
s004,-67.08283,42.42733,2019-03-05 12:49:09,,2,spring
s004,-67.083,42.42333,2019-03-05 12:49:17,,2,spring
s004,-67.08483,42.41967,2019-03-05 12:49:25,,2,spring
s004,-67.08817,42.418,2019-03-05 12:49:32,,2,spring
s004,-67.093,42.41717,2019-03-05 12:49:41,,2,spring
s004,-67.09733,42.4165,2019-03-05 12:49:49,,2,spring
s004,-67.10183,42.41617,2019-03-05 12:49:57,,2,spring
s004,-67.10283,42.416,2019-03-05 12:49:59,,2,spring
s004,-67.10617,42.416,2019-03-05 12:50:05,,2,spring
s004,-67.111,42.41583,2019-03-05 12:50:14,,2,spring
s004,-67.11433,42.416,2019-03-05 12:50:20,,2,spring
s004,-67.11933,42.41617,2019-03-05 12:50:29,,2,spring
s004,-67.12417,42.41617,2019-03-05 12:50:38,,2,spring
s004,-67.1275,42.41617,2019-03-05 12:50:44,,2,spring
s004,-67.1325,42.41633,2019-03-05 12:50:53,,2,spring
s004,-67.13633,42.41633,2019-03-05 12:51:00,,2,spring
s004,-67.14067,42.41633,2019-03-05 12:51:08,,2,spring
s004,-67.14567,42.4165,2019-03-05 12:51:17,,2,spring
s004,-67.15017,42.4165,2019-03-05 12:51:25,,2,spring
s004,-67.15517,42.4165,2019-03-05 12:51:34,,2,spring
s004,-67.1585,42.4165,2019-03-05 12:51:40,,2,spring
s004,-67.16283,42.4165,2019-03-05 12:51:48,,2,spring
s004,-67.16733,42.41667,2019-03-05 12:51:56,,2,spring
s004,-67.17167,42.41667,2019-03-05 12:52:04,,2,spring
s004,-67.17667,42.41667,2019-03-05 12:52:13,,2,spring
s004,-67.1805,42.41667,2019-03-05 12:52:20,,2,spring
s004,-67.185,42.41667,2019-03-05 12:52:28,,2,spring
s004,-67.19,42.41683,2019-03-05 12:52:37,,2,spring
s004,-67.19433,42.41683,2019-03-05 12:52:45,,2,spring
s004,-67.19883,42.41683,2019-03-05 12:52:53,,2,spring
s004,-67.20333,42.41683,2019-03-05 12:53:01,,2,spring
s004,-67.20767,42.41683,2019-03-05 12:53:09,,2,spring
s004,-67.21283,42.41683,2019-03-05 12:53:18,,2,spring
s004,-67.216,42.41683,2019-03-05 12:53:24,,2,spring
s004,-67.221,42.41683,2019-03-05 12:53:33,,2,spring
s004,-67.2255,42.41683,2019-03-05 12:53:41,,2,spring
s004,-67.22933,42.41683,2019-03-05 12:53:48,,2,spring
s004,-67.23367,42.41683,2019-03-05 12:53:56,,2,spring
s004,-67.23817,42.417,2019-03-05 12:54:04,,2,spring
s004,-67.2425,42.417,2019-03-05 12:54:12,,2,spring
s004,-67.247,42.417,2019-03-05 12:54:20,,2,spring
s004,-67.25133,42.417,2019-03-05 12:54:28,,2,spring
s004,-67.25583,42.417,2019-03-05 12:54:36,,2,spring
s004,-67.26083,42.417,2019-03-05 12:54:45,,2,spring
s004,-67.26533,42.417,2019-03-05 12:54:53,,2,spring
s004,-67.26967,42.417,2019-03-05 12:55:01,,2,spring
s004,-67.27417,42.417,2019-03-05 12:55:09,,2,spring
s004,-67.27867,42.417,2019-03-05 12:55:17,,2,spring
s004,-67.28267,42.417,2019-03-05 12:55:24,,2,spring
s004,-67.287,42.417,2019-03-05 12:55:32,,2,spring
s004,-67.2915,42.417,2019-03-05 12:55:40,,2,spring
s004,-67.296,42.417,2019-03-05 12:55:48,,3,spring
s004,-67.3005,42.417,2019-03-05 12:55:56,,3,spring
s004,-67.305,42.417,2019-03-05 12:56:04,,3,spring
s004,-67.31017,42.41717,2019-03-05 12:56:13,,3,spring
s004,-67.31517,42.41717,2019-03-05 12:56:22,,3,spring
s004,-67.3185,42.41717,2019-03-05 12:56:28,,3,spring
s004,-67.3235,42.41717,2019-03-05 12:56:37,,3,spring
s004,-67.328,42.41717,2019-03-05 12:56:45,,3,spring
s004,-67.3325,42.41717,2019-03-05 12:56:53,,3,spring
s004,-67.3365,42.41717,2019-03-05 12:57:00,,3,spring
s004,-67.341,42.41717,2019-03-05 12:57:08,,3,spring
s004,-67.3455,42.41717,2019-03-05 12:57:16,,3,spring
s004,-67.35,42.41717,2019-03-05 12:57:24,,3,spring
s004,-67.35467,42.41717,2019-03-05 12:57:32,,3,spring
s004,-67.35917,42.41717,2019-03-05 12:57:40,,3,spring
s004,-67.36433,42.41717,2019-03-05 12:57:49,,3,spring
s004,-67.36883,42.41717,2019-03-05 12:57:57,,3,spring
s004,-67.37333,42.41717,2019-03-05 12:58:05,,3,spring
s004,-67.37717,42.41717,2019-03-05 12:58:12,,3,spring
s004,-67.38217,42.41717,2019-03-05 12:58:21,,3,spring
s004,-67.38733,42.41717,2019-03-05 12:58:30,,3,spring
s004,-67.3905,42.41717,2019-03-05 12:58:36,,3,spring
s004,-67.39167,42.41717,2019-03-05 12:58:38,,3,spring
s004,-67.395,42.41717,2019-03-05 12:58:44,,3,spring
s004,-67.39933,42.41717,2019-03-05 12:58:52,,3,spring
s004,-67.40383,42.41717,2019-03-05 12:59:00,,3,spring
s004,-67.40817,42.41717,2019-03-05 12:59:08,,3,spring
s004,-67.41317,42.41717,2019-03-05 12:59:17,,3,spring
s004,-67.4175,42.41717,2019-03-05 12:59:25,,3,spring
s004,-67.42183,42.41717,2019-03-05 12:59:33,,3,spring
s004,-67.42567,42.41717,2019-03-05 12:59:40,,3,spring
s004,-67.43,42.41717,2019-03-05 12:59:48,,3,spring
s004,-67.435,42.41717,2019-03-05 12:59:57,,3,spring
s004,-67.43867,42.41717,2019-03-05 13:00:04,,3,spring
s004,-67.443,42.41717,2019-03-05 13:00:12,,3,spring
s004,-67.4475,42.41717,2019-03-05 13:00:20,,3,spring
s004,-67.45183,42.41717,2019-03-05 13:00:28,,3,spring
s004,-67.45617,42.417,2019-03-05 13:00:36,,3,spring
s004,-67.4605,42.417,2019-03-05 13:00:44,,3,spring
s004,-67.46533,42.417,2019-03-05 13:00:53,,3,spring
s004,-67.46983,42.417,2019-03-05 13:01:01,,3,spring
s004,-67.47417,42.417,2019-03-05 13:01:09,,3,spring
s004,-67.478,42.417,2019-03-05 13:01:16,,3,spring
s004,-67.48233,42.417,2019-03-05 13:01:24,,3,spring
s004,-67.48667,42.417,2019-03-05 13:01:32,,3,spring
s004,-67.49167,42.417,2019-03-05 13:01:41,,3,spring
s004,-67.49533,42.417,2019-03-05 13:01:48,,3,spring
s004,-67.49983,42.417,2019-03-05 13:01:56,,3,spring
s004,-67.50417,42.417,2019-03-05 13:02:04,,3,spring
s004,-67.5085,42.417,2019-03-05 13:02:12,,3,spring
s004,-67.51283,42.417,2019-03-05 13:02:20,,3,spring
s004,-67.51717,42.417,2019-03-05 13:02:28,,3,spring
s004,-67.5215,42.417,2019-03-05 13:02:36,,3,spring
s004,-67.526,42.417,2019-03-05 13:02:44,,3,spring
s004,-67.53033,42.417,2019-03-05 13:02:52,,3,spring
s004,-67.53467,42.417,2019-03-05 13:03:00,2,3,spring
s004,-67.539,42.417,2019-03-05 13:03:08,,3,spring
s004,-67.54333,42.417,2019-03-05 13:03:16,,3,spring
s004,-67.54817,42.417,2019-03-05 13:03:25,,3,spring
s004,-67.552,42.417,2019-03-05 13:03:32,,3,spring
s004,-67.55633,42.417,2019-03-05 13:03:40,,3,spring
s004,-67.56067,42.417,2019-03-05 13:03:48,,3,spring
s004,-67.56567,42.417,2019-03-05 13:03:57,,3,spring
s004,-67.57,42.417,2019-03-05 13:04:05,,3,spring
s004,-67.57433,42.417,2019-03-05 13:04:13,,3,spring
s004,-67.57867,42.417,2019-03-05 13:04:21,,3,spring
s004,-67.58367,42.417,2019-03-05 13:04:30,,3,spring
s004,-67.58733,42.417,2019-03-05 13:04:37,,3,spring
s004,-67.59183,42.417,2019-03-05 13:04:45,,3,spring
s004,-67.5955,42.417,2019-03-05 13:04:52,,3,spring
s004,-67.6,42.417,2019-03-05 13:05:00,,3,spring
s004,-67.60483,42.417,2019-03-05 13:05:09,,3,spring
s004,-67.60917,42.417,2019-03-05 13:05:17,,3,spring
s004,-67.6135,42.417,2019-03-05 13:05:25,,3,spring
s004,-67.61783,42.417,2019-03-05 13:05:33,,3,spring
s004,-67.62167,42.417,2019-03-05 13:05:40,,3,spring
s004,-67.626,42.417,2019-03-05 13:05:48,,3,spring
s004,-67.63033,42.417,2019-03-05 13:05:56,,3,spring
s004,-67.63467,42.417,2019-03-05 13:06:04,,3,spring
s004,-67.639,42.417,2019-03-05 13:06:12,4,3,spring
s004,-67.644,42.41683,2019-03-05 13:06:21,,3,spring
s004,-67.64833,42.41683,2019-03-05 13:06:29,,3,spring
s004,-67.65217,42.41683,2019-03-05 13:06:36,,3,spring
s004,-67.6565,42.41683,2019-03-05 13:06:44,,3,spring
s004,-67.66083,42.41683,2019-03-05 13:06:52,,3,spring
s004,-67.66517,42.41683,2019-03-05 13:07:00,,3,spring
s004,-67.6695,42.41683,2019-03-05 13:07:08,,3,spring
s004,-67.6745,42.41683,2019-03-05 13:07:17,,3,spring
s004,-67.67883,42.41683,2019-03-05 13:07:25,,3,spring
s004,-67.68317,42.41683,2019-03-05 13:07:33,,3,spring
s004,-67.687,42.41683,2019-03-05 13:07:40,,3,spring
s004,-67.69133,42.41683,2019-03-05 13:07:48,,3,spring
s004,-67.69583,42.41683,2019-03-05 13:07:56,,3,spring
s004,-67.70067,42.41683,2019-03-05 13:08:05,,3,spring
s004,-67.70517,42.41683,2019-03-05 13:08:13,,3,spring
s004,-67.7095,42.41683,2019-03-05 13:08:21,,3,spring
s004,-67.71333,42.41683,2019-03-05 13:08:28,,3,spring
s004,-67.71833,42.41667,2019-03-05 13:08:37,,3,spring
s004,-67.72333,42.41667,2019-03-05 13:08:46,,3,spring
s004,-67.7265,42.41667,2019-03-05 13:08:52,,3,spring
s004,-67.7315,42.41667,2019-03-05 13:09:01,,3,spring
s004,-67.73583,42.41667,2019-03-05 13:09:09,,3,spring
s004,-67.73983,42.41667,2019-03-05 13:09:16,,3,spring
s004,-67.74467,42.41667,2019-03-05 13:09:25,,3,spring
s004,-67.74917,42.41667,2019-03-05 13:09:33,,3,spring
s004,-67.75317,42.4175,2019-03-05 13:09:41,,3,spring
s004,-67.75467,42.41817,2019-03-05 13:09:45,,3,spring
s004,-67.7555,42.4185,2019-03-05 13:09:46,,3,spring
