segment_id,line,midpoint,date,section_id,dfbsec_beg,dfbsec_end,individuals,se_length
s01-r10000m,"LINESTRING (-68.02 42.83433, -68.02117 42.83433, -68.02583 42.834329999999994, -68.03133 42.83433, -68.03483000000001 42.834329999999994, -68.03967 42.834329999999994, -68.04433 42.83433, -68.04917 42.8345, -68.0545 42.83450000000001, -68.05867 42.83450000000001, -68.0635 42.834500000000006, -68.06883 42.8345, -68.073 42.834500000000006, -68.07833000000001 42.8345, -68.08317 42.8345, -68.0885 42.8345, -68.092 42.83467, -68.09683 42.83467, -68.1015 42.83467, -68.10633 42.83467000000001, -68.111 42.83467, -68.11583 42.834669999999996, -68.1205 42.83467, -68.12583 42.83467000000001, -68.13067 42.83482999999999, -68.1355 42.83483, -68.14033 42.83482999999999, -68.14233962730837 42.834830018960254)",POINT (-68.081172897313 42.834500024795275),2019-01-25,s1,0.0,10000.580282510307,1.0,10000.580282510318
s02-r10000m,"LINESTRING (-68.14233962730837 42.834830018960254, -68.1445 42.83483, -68.14933 42.834830000000004, -68.15417 42.83482999999999, -68.15883 42.83483, -68.16367 42.834829999999975, -68.1685 42.83482999999999, -68.174 42.83483, -68.17883 42.835, -68.18367 42.83500000000001, -68.1885 42.835, -68.19333 42.83500000000001, -68.19883 42.835, -68.20267000000001 42.83500000000003, -68.20833 42.83500000000001, -68.21217 42.835, -68.214 42.83500000000001, -68.21767 42.83499999999998, -68.22267 42.835, -68.22833 42.83516999999999, -68.23333 42.83516999999999, -68.23833 42.83516999999999, -68.24333 42.83517, -68.24817 42.83516999999999, -68.2525 42.83516999999998, -68.2575 42.835169999999984, -68.2625 42.83517, -68.26469003091451 42.83517002687433)",POINT (-68.20351407928723 42.83500001775235),2019-01-25,s1,10000.580282510307,20001.160565020615,,10000.58028251029
s03-r10000m,"LINESTRING (-68.26469003091451 42.83517002687433, -68.2675 42.83517, -68.2725 42.83516999999999, -68.278 42.83532999999999, -68.283 42.83532999999999, -68.2885 42.83533, -68.29217 42.83532999999999, -68.29783 42.835330000000006, -68.302 42.83533, -68.30767 42.83532999999999, -68.3125 42.835330000000006, -68.3175 42.83533, -68.32233 42.83533, -68.32717 42.83532999999999, -68.332 42.83533, -68.337 42.835330000000006, -68.34183 42.83533, -68.346 42.83532999999999, -68.351 42.83533, -68.35583 42.83532999999999, -68.36133 42.83533, -68.36567 42.83533, -68.37050000000002 42.83532999999999, -68.376 42.83533, -68.38033 42.835330000000006, -68.38517 42.83533, -68.38704879070004 42.835330025608)",POINT (-68.32586704228991 42.83533002012569),2019-01-25,s1,20001.160565020615,30001.74084753092,2.0,10000.58028251026
s04-r10000m,"LINESTRING (-68.38704879070004 42.835330025608, -68.39017 42.835329999999985, -68.395 42.83533, -68.4005 42.835330000000006, -68.40533 42.83532999999999, -68.40783 42.83532999999999, -68.41017 42.83533, -68.41567 42.83533, -68.4195 42.83532999999999, -68.42433 42.83533, -68.42917 42.83533, -68.43483 42.835330000000006, -68.43967 42.83533, -68.44467 42.83533, -68.45083000000001 42.835329999999985, -68.4545 42.83533, -68.45883 42.83532999999999, -68.46383 42.835330000000006, -68.46883 42.835330000000006, -68.47433 42.83533, -68.47933 42.83533, -68.48433 42.83533, -68.48917 42.83533, -68.49417 42.83533, -68.49983 42.83533, -68.5035 42.83532999999999, -68.5085 42.83533, -68.50941338146554 42.83533001897209)",POINT (-68.4482309163076 42.83533004041581),2019-01-25,s1,30001.74084753092,40002.32113004123,5.0,10000.580282510327
s05-r10000m,"LINESTRING (-68.50941338146554 42.83533001897209, -68.51417 42.83532999999999, -68.51917 42.83550000000001, -68.52417 42.835499999999996, -68.52917 42.8355, -68.53417 42.8355, -68.5385 42.8355, -68.5435 42.835499999999996, -68.5485 42.83566999999999, -68.55333000000002 42.83567, -68.55883 42.83567, -68.56367 42.83567, -68.56867 42.83567, -68.5735 42.8355, -68.579 42.8355, -68.58283 42.835499999999996, -68.58833 42.8355, -68.59267 42.8355, -68.5975 42.8355, -68.6025 42.835499999999996, -68.608 42.835499999999996, -68.613 42.8355, -68.618 42.83567, -68.62283000000001 42.83567, -68.62783 42.83567, -68.63175809013933 42.8356700269629)",POINT (-68.57058351180723 42.83560267521199),2019-01-25,s1,40002.32113004123,50002.90141255154,,10000.580282510358
s06-r10000m,"LINESTRING (-68.63175809013933 42.8356700269629, -68.63333 42.83567, -68.637 42.83567, -68.64233 42.83566999999999, -68.64767 42.8355, -68.65117 42.835499999999996, -68.65583 42.8355, -68.66117 42.8355, -68.666 42.83567000000001, -68.67017 42.83567, -68.67267 42.83567, -68.675 42.83567, -68.6805 42.83567, -68.68533 42.835669999999986, -68.69083 42.83566999999999, -68.6945 42.83567, -68.69917 42.83567, -68.704 42.83566999999999, -68.70883 42.83567, -68.71367 42.83567, -68.7185 42.83567, -68.72383 42.83566999999998, -68.72867 42.83566999999999, -68.73400000000001 42.83567, -68.73767 42.83567, -68.7425 42.83567, -68.74733 42.83567, -68.75217 42.83566999999999, -68.75411490085114 42.83567002450249)",POINT (-68.69293111864471 42.83567001439446),2019-01-25,s1,50002.90141255154,60003.48169506185,,10000.58028251031
s07-r10000m,"LINESTRING (-68.75411490085114 42.83567002450249, -68.757 42.83566999999999, -68.76250000000002 42.83566999999999, -68.76733 42.83567, -68.77167 42.83567, -68.7765 42.83567, -68.78133 42.83567, -68.787 42.83567, -68.79 42.83567, -68.79117 42.83567, -68.79683 42.83566999999998, -68.80167 42.83567, -68.80667 42.83567, -68.8115 42.83567, -68.8165 42.83567, -68.82133 42.83567, -68.82567 42.83567, -68.8305 42.83567, -68.8355 42.835499999999996, -68.841 42.835499999999996, -68.84583 42.8355, -68.85067 42.835499999999996, -68.85567 42.8355, -68.86050000000002 42.835499999999996, -68.8655 42.835499999999996, -68.86983 42.8355, -68.87467 42.8355, -68.876477429637 42.83550002519711)",POINT (-68.81529883438047 42.83567001992525),2019-01-25,s1,60003.48169506185,70004.06197757216,,10000.58028251031
s08-r10000m,"LINESTRING (-68.876477429637 42.83550002519711, -68.87967 42.8355, -68.88533 42.835499999999996, -68.89033 42.8355, -68.89583 42.835499999999996, -68.89967 42.835499999999996, -68.90533 42.835329999999985, -68.91083 42.83533, -68.91467 42.83533, -68.91967 42.83532999999999, -68.9245 42.83533, -68.9295 42.83533, -68.93517 42.835330000000006, -68.9395 42.83533, -68.94433 42.83516999999999, -68.95 42.835169999999984, -68.955 42.83517, -68.95917 42.83516999999999, -68.96417 42.83516999999999, -68.96983 42.83516999999998, -68.974 42.83517, -68.979 42.83516999999999, -68.984 42.83517, -68.989 42.835, -68.99383 42.83500000000001, -68.99883 42.835)",POINT (-68.93765657732668 42.83533002001588),2019-01-25,s1,70004.06197757216,80004.64226008246,,10000.580282510306
s09-r10000m,"LINESTRING (-67.8645 42.749999999999986, -67.86583 42.75016999999998, -67.8705 42.75016999999999, -67.87583 42.75033, -67.88117 42.75033, -67.88717 42.75033, -67.89183 42.7505, -67.89717 42.750499999999995, -67.90317 42.750499999999995, -67.9085 42.7505, -67.91383 42.7505, -67.91867 42.75067, -67.92467 42.75067, -67.93083 42.75067, -67.93483 42.75066999999999, -67.941 42.75067, -67.94717 42.750669999999985, -67.95133 42.75067, -67.95683 42.75067, -67.96233 42.750829999999986, -67.9685 42.75082999999999, -67.97383 42.75082999999999, -67.97933 42.75082999999999, -67.98417 42.75083, -67.98967 42.751, -67.99014446663041 42.75100001041152)",POINT (-67.92730854576044 42.75067004057161),2019-01-30,s2,0.0,10287.022252470439,,10287.022252470424
s10-r10000m,"LINESTRING (-67.99014446663041 42.75100001041152, -67.99517 42.75099999999999, -68.0005 42.751, -68.00683 42.75099999999999, -68.013 42.75099999999997, -68.01717 42.75099999999998, -68.02267 42.75117, -68.02817 42.75117, -68.03367 42.751169999999995, -68.03983 42.75117, -68.04533 42.75117, -68.05083 42.75116999999998, -68.05633 42.751329999999996, -68.06167 42.75132999999999, -68.06717 42.751329999999996, -68.07183 42.75132999999999, -68.078 42.751329999999996, -68.0835 42.75132999999999, -68.08883 42.75133, -68.0935 42.751329999999996, -68.099 42.751329999999996, -68.10433 42.75132999999999, -68.10967 42.751499999999986, -68.11517 42.7515, -68.11582331627903 42.75150001525168)",POINT (-68.05298398632475 42.75123269297198),2019-01-30,s2,10287.022252470439,20574.044504940877,,10287.022252470437
s11-r10000m,"LINESTRING (-68.11582331627903 42.75150001525168, -68.12117 42.75149999999999, -68.1265 42.7515, -68.132 42.75149999999999, -68.13733000000002 42.75149999999999, -68.14217 42.75149999999999, -68.1475 42.75149999999999, -68.153 42.75149999999999, -68.159 42.75167, -68.16433 42.75167, -68.16967 42.75166999999999, -68.17433 42.75167, -68.17983 42.75166999999999, -68.18517 42.75167, -68.1905 42.75167, -68.19583 42.75183, -68.20183 42.75183, -68.20717000000002 42.75183, -68.2125 42.751830000000005, -68.21767 42.751829999999984, -68.22233 42.751829999999984, -68.22767 42.751829999999984, -68.233 42.751829999999984, -68.239 42.75182999999999, -68.24150814100298 42.75191250197409)",POINT (-68.17866658551574 42.751670022028506),2019-01-30,s2,20574.044504940877,30861.066757411318,,10287.022252470517
s12-r10000m,"LINESTRING (-68.24150814100298 42.75191250197409, -68.24417 42.752, -68.2495 42.751999999999995, -68.25467 42.752, -68.25933000000002 42.75199999999998, -68.26467 42.75199999999998, -68.26983 42.751999999999995, -68.27517 42.751999999999995, -68.28033 42.752, -68.28633 42.75216999999999, -68.29083 42.75217, -68.29683 42.75216999999998, -68.302 42.75217, -68.3065 42.75216999999999, -68.31167 42.752169999999985, -68.317 42.75216999999999, -68.32283 42.75217, -68.328 42.752169999999985, -68.33317 42.75216999999999, -68.33833 42.75216999999999, -68.34417 42.75216999999999, -68.348 42.752169999999985, -68.35383 42.75216999999999, -68.359 42.752169999999985, -68.36417 42.75216999999998, -68.36720008939764 42.75217001944596)",POINT (-68.30435029107997 42.752170022059225),2019-01-30,s2,30861.066757411318,41148.089009881754,,10287.022252470442
s13-r10000m,"LINESTRING (-68.36720008939764 42.75217001944596, -68.36867 42.752169999999985, -68.37383 42.752169999999985, -68.379 42.75217, -68.38417 42.75216999999998, -68.38983 42.752169999999985, -68.395 42.75216999999999, -68.40017 42.752169999999985, -68.40533 42.75232999999999, -68.4105 42.75232999999998, -68.415 42.75232999999999, -68.42017 42.752329999999986, -68.42533 42.75233, -68.4305 42.752329999999986, -68.43633 42.75233, -68.4415 42.75233, -68.44667000000001 42.752329999999986, -68.45117000000002 42.752329999999986, -68.457 42.75233, -68.46217 42.752329999999986, -68.46667 42.75232999999999, -68.47183 42.75232999999999, -68.477 42.75232999999999, -68.48283 42.75233, -68.4875 42.75232999999998, -68.49267 42.75232999999998, -68.49289654773958 42.75233000487958)",POINT (-68.43004580460367 42.75233000935139),2019-01-30,s2,41148.089009881754,51435.11126235219,,10287.022252470368
s14-r10000m,"LINESTRING (-68.49289654773958 42.75233000487958, -68.49783 42.75232999999999, -68.503 42.75233, -68.50817 42.752329999999986, -68.51333 42.752329999999986, -68.5185 42.75232999999999, -68.52367 42.75249999999999, -68.52883 42.7525, -68.53467 42.75249999999999, -68.53967 42.7525, -68.54483 42.7525, -68.54933 42.75249999999998, -68.5545 42.75249999999998, -68.55967 42.7525, -68.56533 42.75249999999998, -68.5705 42.75249999999998, -68.57567 42.75249999999999, -68.58017 42.75249999999998, -68.58517 42.7525, -68.59033 42.75249999999998, -68.59617 42.7525, -68.60117 42.75249999999999, -68.607 42.75249999999998, -68.61083 42.75249999999998, -68.61667 42.75249999999999, -68.61859410654091 42.75250003138258)",POINT (-68.55574257215535 42.75250002130584),2019-01-30,s2,51435.11126235219,61722.13351482263,,10287.022252470453
s15-r10000m,"LINESTRING (-68.61859410654091 42.75250003138258, -68.62233 42.75249999999998, -68.62617 42.7525, -68.63133 42.75249999999998, -68.63633 42.75249999999999, -68.6415 42.75249999999998, -68.64733 42.75249999999998, -68.65233 42.7525, -68.65817 42.75249999999998, -68.662 42.75249999999999, -68.66783 42.75249999999998, -68.6735 42.7525, -68.67733000000001 42.7525, -68.6825 42.75249999999999, -68.6875 42.752329999999986, -68.69267 42.752329999999986, -68.69783 42.75233, -68.70283 42.75232999999999, -68.7085 42.75233, -68.71367 42.752329999999986, -68.71867 42.75233, -68.72383 42.75232999999998, -68.72883 42.75232999999998, -68.7345 42.75232999999999, -68.73833 42.75232999999999, -68.744 42.75232999999999, -68.74429239905773 42.75233000600945)",POINT (-68.68144588928979 42.75250001894139),2019-01-30,s2,61722.13351482263,72009.15576729306,,10287.022252470475
s16-r10000m,"LINESTRING (-68.74429239905773 42.75233000600945, -68.749 42.75232999999998, -68.75417 42.752169999999985, -68.75917 42.752169999999985, -68.76417 42.75216999999999, -68.76967 42.75232999999999, -68.7735 42.75216999999999, -68.77917 42.75216999999999, -68.78483 42.75216999999999, -68.7885 42.75216999999998, -68.7935 42.75216999999998, -68.7985 42.75216999999999, -68.80367 42.75216999999999, -68.80917 42.75216999999999, -68.81183 42.75217, -68.81367 42.752169999999985, -68.81867 42.752169999999985, -68.82433 42.75216999999998, -68.82867 42.75216999999998, -68.83383 42.75216999999999, -68.8395 42.75199999999998, -68.8445 42.75199999999998, -68.85017 42.751999999999995, -68.854 42.75199999999999, -68.85967 42.752, -68.86467 42.75199999999998, -68.86917000000001 42.751999999999995, -68.86997643196521 42.75200001708772)",POINT (-68.80712926462476 42.752170030819634),2019-01-30,s2,72009.15576729306,82296.17801976351,,10287.022252470473
s17-r10000m,"LINESTRING (-68.86997643196521 42.75200001708772, -68.87483 42.75199999999999, -68.87983 42.751999999999974, -68.88483 42.75199999999999, -68.89 42.752, -68.89567 42.75199999999999, -68.8995 42.75199999999998, -68.90517 42.75199999999999, -68.91017 42.751829999999984, -68.91467 42.751829999999984, -68.91967 42.751830000000005, -68.92533 42.75183, -68.93033 42.75182999999998, -68.9355 42.75182999999998, -68.9405 42.75182999999999, -68.94617 42.75183, -68.94983 42.75183, -68.9555 42.75183, -68.9605 42.75182999999998, -68.96567 42.75167, -68.97067 42.75167, -68.97567 42.75167, -68.98067 42.75166999999999, -68.98567 42.75167, -68.99067 42.75167, -68.99567000000002 42.75166999999999)",POINT (-68.93282290663866 42.75183002913558),2019-01-30,s2,82296.17801976351,92583.20027223395,,10287.022252470433
s18-r10000m,"LINESTRING (-68.99533000000001 42.585170000000005, -68.99067 42.58517, -68.98517 42.58517, -68.98167 42.585170000000005, -68.977 42.58517, -68.9715 42.58533, -68.96683 42.58533, -68.96267 42.585329999999985, -68.95733 42.585329999999985, -68.952 42.58533, -68.9485 42.58532999999999, -68.94317 42.58533, -68.93783 42.58533, -68.93433 42.58532999999998, -68.9295 42.58532999999999, -68.92483 42.58532999999999, -68.92017 42.5855, -68.9155 42.58549999999999, -68.91017 42.58549999999998, -68.9055 42.5855, -68.90083 42.5855, -68.89667 42.58549999999999, -68.892 42.58549999999999, -68.88733 42.585499999999996, -68.882 42.5855, -68.87733 42.5855, -68.87267 42.5855, -68.87204754697636 42.58550001099401)",POINT (-68.93368814066649 42.585330011730534),2019-03-02,s3,0.0,10116.670919784581,,10116.670919784585
s19-r10000m,"LINESTRING (-68.87204754697636 42.58550001099401, -68.868 42.58549999999998, -68.86333 42.58567, -68.858 42.58567, -68.8545 42.58567, -68.84917 42.58566999999999, -68.8445 42.58566999999999, -68.83967 42.585669999999986, -68.83567 42.58567, -68.83083 42.58566999999999, -68.82617 42.58567, -68.8215 42.585669999999986, -68.81617 42.58567, -68.8115 42.585669999999986, -68.80667 42.585669999999986, -68.802 42.58567, -68.79733 42.58566999999999, -68.79317 42.58567, -68.78783 42.585669999999986, -68.783 42.58566999999999, -68.779 42.58567, -68.77367 42.58566999999999, -68.76883 42.585669999999986, -68.76417 42.58567, -68.75933 42.585829999999994, -68.75467 42.585829999999994, -68.74983 42.585829999999994, -68.74876538198227 42.585830016703234)",POINT (-68.81040684120558 42.585670017825734),2019-03-02,s3,10116.670919784581,20233.341839569162,,10116.670919784567
s20-r10000m,"LINESTRING (-68.74876538198227 42.585830016703234, -68.74517000000002 42.585829999999994, -68.73983 42.58583, -68.73633 42.58582999999999, -68.731 42.58582999999999, -68.72617 42.58582999999999, -68.7215 42.585829999999994, -68.71683 42.58583, -68.71267 42.58583, -68.708 42.58582999999999, -68.70317 42.58582999999999, -68.6985 42.586, -68.69383 42.585999999999984, -68.689 42.58599999999999, -68.68433 42.586000000000006, -68.67967 42.586, -68.675 42.586, -68.67017 42.58599999999999, -68.665 42.58599999999999, -68.66033 42.585829999999994, -68.6555 42.585829999999994, -68.65083 42.58583, -68.64617 42.58583, -68.64217 42.585829999999994, -68.63683 42.585829999999994, -68.63217 42.58583000000001, -68.628 42.586, -68.62549059778392 42.58600002365983)",POINT (-68.68712474164592 42.58600002287005),2019-03-02,s3,20233.341839569162,30350.012759353744,1.0,10116.670919784627
s21-r10000m,"LINESTRING (-68.62549059778392 42.58600002365983, -68.62333 42.58599999999999, -68.61867000000001 42.586, -68.61333 42.586, -68.60867 42.58583, -68.60333000000001 42.58583, -68.59983 42.58583, -68.59467000000001 42.58582999999999, -68.58933 42.585829999999994, -68.58583 42.58583, -68.5805 42.58583, -68.57583 42.585829999999994, -68.571 42.58583, -68.56633 42.585829999999994, -68.56167 42.585829999999994, -68.55633 42.58582999999999, -68.55283 42.585829999999994, -68.548 42.58582999999999, -68.54333 42.58582999999999, -68.53800000000001 42.585829999999994, -68.53383 42.58583, -68.52917 42.58582999999999, -68.5245 42.58582999999999, -68.51983 42.58583, -68.515 42.585829999999994, -68.51033 42.585829999999994, -68.505 42.58582999999999, -68.50220484168875 42.585830024820595)",POINT (-68.56385040031884 42.5858300235933),2019-03-02,s3,30350.012759353744,40466.683679138325,2.0,10116.670919784585
s22-r10000m,"LINESTRING (-68.50220484168875 42.585830024820595, -68.50017 42.58582999999999, -68.4955 42.58582999999999, -68.49083 42.586, -68.4855 42.586, -68.48183 42.58599999999999, -68.47717 42.58599999999999, -68.47233 42.586, -68.4675 42.58599999999999, -68.46217 42.58599999999999, -68.458 42.58599999999999, -68.45317 42.585829999999994, -68.44717 42.58583, -68.4435 42.585829999999994, -68.43867 42.58582999999999, -68.43317 42.58582999999999, -68.42833 42.58583, -68.42333 42.585829999999994, -68.4185 42.58582999999999, -68.41367 42.58582999999999, -68.40883 42.58583, -68.40383 42.58582999999999, -68.399 42.58582999999999, -68.39483 42.58582999999999, -68.39000000000001 42.58583, -68.3845 42.585829999999994, -68.38033 42.58582999999999, -68.37892574036142 42.585830020993605)",POINT (-68.44057063321492 42.585830024296946),2019-03-02,s3,40466.683679138325,50583.3545989229,,10116.670919784536
s23-r10000m,"LINESTRING (-68.37892574036142 42.585830020993605, -68.3755 42.58583000000001, -68.37067 42.58582999999999, -68.36517 42.58583, -68.36033 42.585829999999994, -68.3555 42.585829999999994, -68.35067 42.585829999999994, -68.34567 42.58567, -68.3415 42.585669999999986, -68.33667 42.58566999999998, -68.33167 42.58566999999999, -68.32617 42.58566999999999, -68.32133 42.58567, -68.3165 42.585669999999986, -68.31150000000001 42.58566999999999, -68.30733 42.58566999999999, -68.30183 42.58566999999999, -68.297 42.58549999999999, -68.29267 42.5855, -68.28783 42.58549999999998, -68.28283 42.58549999999998, -68.27733 42.58549999999998, -68.2725 42.5855, -68.267 42.58549999999998, -68.26333 42.58549999999998, -68.25833 42.58550000000001, -68.25564768402266 42.58550003298368)",POINT (-68.31728600359989 42.58567001387158),2019-03-02,s3,50583.3545989229,60700.02551870748,,10116.670919784583
s24-r10000m,"LINESTRING (-68.25564768402266 42.58550003298368, -68.25283 42.58549999999998, -68.248 42.58549999999999, -68.243 42.58549999999999, -68.238 42.5855, -68.23317 42.58567, -68.22817 42.585669999999986, -68.22333 42.58566999999999, -68.21833 42.58566999999999, -68.21333 42.58566999999999, -68.2085 42.585499999999996, -68.2035 42.5855, -68.1985 42.58550000000001, -68.1935 42.58549999999999, -68.1885 42.58532999999999, -68.1835 42.58532999999999, -68.1785 42.58533, -68.17367 42.58532999999999, -68.16867 42.58533, -68.16417 42.58533, -68.159 42.58517, -68.154 42.585169999999984, -68.14817000000001 42.585170000000005, -68.14383 42.585170000000005, -68.13883 42.58517, -68.13317000000002 42.58517, -68.13238340685977 42.585143270350855)",POINT (-68.19401529032679 42.585500010085326),2019-03-02,s3,60700.02551870748,70816.69643849206,,10116.67091978461
s25-r10000m,"LINESTRING (-68.13238340685977 42.585143270350855, -68.12817 42.585, -68.12317 42.585, -68.11817 42.585, -68.11333000000002 42.585, -68.10833 42.58483, -68.1035 42.58482999999999, -68.0985 42.58483, -68.09433 42.58483, -68.08933 42.58483, -68.08383 42.584999999999994, -68.079 42.585, -68.07417000000001 42.585, -68.06917 42.584999999999994, -68.06433 42.585, -68.0595 42.585, -68.05467000000002 42.584999999999994, -68.05033 42.585, -68.0455 42.58483, -68.03983 42.58482999999999, -68.03567 42.58482999999999, -68.03067000000001 42.58483, -68.02567 42.58467, -68.02017 42.584669999999996, -68.01517 42.58466999999999, -68.01033 42.5845, -68.00913093641985 42.584500019891145)",POINT (-68.0707562934139 42.5850000236335),2019-03-02,s3,70816.69643849206,80933.36735827664,,10116.670919784583
s26-r10000m,"LINESTRING (-68.00913093641985 42.584500019891145, -68.00533 42.5845, -68.00033 42.5845, -67.9955 42.5845, -67.9905 42.58433, -67.98633 42.58433, -67.98133 42.58432999999999, -67.97583 42.58433000000001, -67.971 42.58432999999999, -67.96617 42.58432999999998, -67.96133 42.58417, -67.95633000000001 42.58417000000001, -67.95517 42.58417000000001, -67.95217000000001 42.584169999999986, -67.94717 42.58416999999999, -67.9415 42.58417, -67.93733 42.58417000000001, -67.93233000000001 42.58400000000001, -67.92667 42.584, -67.92183 42.58400000000001, -67.91683 42.584, -67.91183 42.584, -67.90683 42.58383, -67.90183 42.58383, -67.8975 42.583830000000006, -67.895 42.58383, -67.8925 42.583830000000006, -67.8875 42.58383, -67.88587293490912 42.583830023952885)",POINT (-67.9475012015627 42.584170006748884),2019-03-02,s3,80933.36735827664,91050.03827806121,,10116.670919784556
s27-r10000m,"LINESTRING (-67.88587293490912 42.583830023952885, -67.8825 42.583830000000006, -67.8775 42.58383, -67.8725 42.58382999999999, -67.86683 42.58382999999999, -67.86233 42.583830000000006, -67.85733 42.58366999999999, -67.85167 42.583669999999984, -67.84733 42.5835, -67.84233 42.58350000000001, -67.83667 42.58332999999999, -67.83233 42.58317000000001, -67.82667 42.58267, -67.822 42.58083, -67.81883 42.57833, -67.81683 42.57417000000001, -67.81633 42.57017, -67.816 42.566169999999985, -67.81567 42.56217, -67.8155 42.55832999999998, -67.81533 42.554829999999995, -67.815 42.55082999999998, -67.81467 42.5465, -67.8145 42.5425, -67.81433736168087 42.53867322385369)",POINT (-67.82457544075288 42.58184477142261),2019-03-02,s3,91050.03827806121,101166.70919784579,,10116.670919784292
s28-r10000m,"LINESTRING (-67.81433736168087 42.53867322385369, -67.81433 42.53849999999999, -67.814 42.53467, -67.81367 42.53082999999999, -67.8135 42.52733, -67.81317 42.52333000000001, -67.81283 42.51949999999999, -67.81267 42.5155, -67.81233 42.51117, -67.81233 42.50733, -67.814 42.50433000000001, -67.818 42.5025, -67.82217 42.50117, -67.8265 42.5, -67.83133 42.49949999999999, -67.8335 42.49933, -67.83583 42.49917, -67.84017 42.49917000000001, -67.84417 42.499330000000015, -67.84867 42.499499999999976, -67.85367 42.49967, -67.85767 42.5, -67.86217 42.50017, -67.86667 42.50050000000001, -67.87117 42.500669999999985, -67.87633 42.500829999999986, -67.88083 42.50099999999999, -67.88483 42.50099999999999, -67.88879958122611 42.50113054867703)",POINT (-67.8273941857127 42.49990745018886),2019-03-02,s3,101166.70919784579,111283.38011763037,,10116.670919784943
s29-r10000m,"LINESTRING (-67.88879958122611 42.50113054867703, -67.89 42.501169999999995, -67.89467 42.501169999999995, -67.89917 42.50132999999999, -67.90383 42.50132999999997, -67.9085 42.50133, -67.913 42.50133, -67.91767 42.50132999999998, -67.923 42.50133, -67.9265 42.50133, -67.93117 42.501329999999996, -67.93583 42.50133, -67.941 42.501329999999996, -67.94517 42.501329999999996, -67.94983 42.501329999999996, -67.95467 42.50133, -67.95933 42.50133, -67.96417 42.50149999999999, -67.96950000000001 42.50149999999999, -67.97417 42.50149999999999, -67.97883 42.501499999999986, -67.9835 42.5015, -67.98817 42.501499999999986, -67.99283 42.501499999999986, -67.99733 42.50167, -68.002 42.50166999999998, -68.00483 42.50167, -68.006 42.50167, -68.01067 42.50166999999998, -68.01189796622357 42.5016700175318)",POINT (-67.95035080951912 42.5013300098155),2019-03-02,s3,111283.38011763037,121400.05103741495,,10116.670919784532
s30-r10000m,"LINESTRING (-68.01189796622357 42.5016700175318, -68.01517 42.50167, -68.02033 42.501670000000004, -68.025 42.50182999999999, -68.02967 42.50183, -68.03433 42.50182999999999, -68.0395 42.50182999999999, -68.043 42.50182999999999, -68.04817 42.50182999999998, -68.05283 42.50182999999999, -68.0575 42.50183000000001, -68.06167 42.50182999999999, -68.06633 42.50182999999999, -68.071 42.50200000000001, -68.07583 42.502, -68.08117 42.501999999999995, -68.08583 42.50200000000001, -68.09067 42.502, -68.09483 42.502, -68.0995 42.50217000000001, -68.10433 42.50216999999999, -68.109 42.50217000000001, -68.11383 42.50217, -68.11917 42.50217, -68.12383 42.50233000000001, -68.12867000000001 42.50232999999999, -68.13283000000001 42.50233000000001, -68.13499632260792 42.50233002366511)",POINT (-68.07344669902365 42.50200002544335),2019-03-02,s3,121400.05103741495,131516.72195719954,,10116.670919784603
s31-r10000m,"LINESTRING (-68.13499632260792 42.50233002366511, -68.1375 42.50233000000001, -68.14233 42.50232999999999, -68.147 42.5025, -68.15233 42.50250000000001, -68.15717 42.5025, -68.16183 42.502500000000005, -68.16667 42.50249999999999, -68.1715 42.5025, -68.17633000000001 42.50249999999999, -68.17933 42.5025, -68.1805 42.50249999999999, -68.186 42.50249999999999, -68.19083 42.5025, -68.19567 42.5025, -68.20117 42.5025, -68.20483 42.5025, -68.20967 42.5025, -68.21517 42.5025, -68.22 42.50249999999998, -68.22483 42.502500000000005, -68.22967 42.5025, -68.2345 42.502499999999976, -68.23933 42.5025, -68.24367 42.502500000000005, -68.24867 42.5025, -68.2535 42.502500000000005, -68.25811352181454 42.50250001784406)",POINT (-68.19655183218966 42.50250001776868),2019-03-02,s3,131516.72195719954,141633.39287698411,,10116.670919784574
s32-r10000m,"LINESTRING (-68.25811352181454 42.50250001784406, -68.259 42.5025, -68.264 42.5025, -68.26817 42.50267, -68.273 42.50266999999998, -68.27783 42.50266999999999, -68.28283 42.50266999999998, -68.28767 42.50266999999998, -68.29267 42.502669999999995, -68.29817 42.50266999999999, -68.30317 42.50267, -68.30867 42.502669999999995, -68.31233 42.502669999999995, -68.31717 42.502669999999995, -68.322 42.50267, -68.32683 42.50267000000001, -68.33233 42.502669999999995, -68.3365 42.50267, -68.34133 42.502669999999995, -68.34617 42.50267, -68.351 42.502669999999995, -68.35583 42.502669999999995, -68.36067 42.50266999999998, -68.36600000000001 42.50267, -68.37083 42.502669999999995, -68.3755 42.502669999999995, -68.37983 42.50266999999999, -68.38123225173311 42.502670021032)",POINT (-68.31966949967776 42.50267002541495),2019-03-02,s3,141633.39287698411,151750.0637967687,,10116.670919784652
s33-r10000m,"LINESTRING (-68.38123225173311 42.502670021032, -68.38467 42.50267, -68.39000000000001 42.50266999999999, -68.39433 42.50282999999999, -68.39967 42.50283, -68.40467 42.50283, -68.40950000000001 42.50282999999999, -68.41433 42.50283, -68.41933 42.50283, -68.4235 42.502829999999996, -68.4285 42.502829999999996, -68.434 42.50282999999998, -68.43833 42.50282999999999, -68.44317 42.503, -68.44867 42.503, -68.4535 42.50299999999998, -68.45917 42.50299999999999, -68.46283 42.50299999999999, -68.46767 42.50299999999998, -68.47267 42.503, -68.4775 42.502999999999986, -68.483 42.503, -68.48800000000001 42.503, -68.49283 42.50299999999999, -68.497 42.503, -68.5025 42.502999999999986, -68.50434849892143 42.50300002541604)",POINT (-68.44278511545814 42.502986488840264),2019-03-02,s3,151750.0637967687,161866.73471655327,,10116.67091978458
s34-r10000m,"LINESTRING (-68.50434849892143 42.50300002541604, -68.50750000000001 42.50299999999999, -68.5125 42.503, -68.51733 42.503, -68.52167 42.50300000000001, -68.52667 42.50299999999999, -68.53217 42.50299999999999, -68.53717 42.502999999999986, -68.5415 42.503, -68.54633 42.50299999999999, -68.55133 42.50283, -68.55633 42.502829999999996, -68.56133 42.50282999999998, -68.56617 42.50283, -68.57117 42.50282999999999, -68.576 42.50282999999999, -68.58167 42.50282999999999, -68.58167 42.50282999999999, -68.58600000000001 42.50282999999999, -68.591 42.50283000000001, -68.59583 42.50282999999998, -68.6015 42.502999999999986, -68.6065 42.50299999999999, -68.61083 42.50299999999999, -68.6165 42.50299999999999, -68.6215 42.50299999999999, -68.6265 42.50299999999999, -68.62746696604763 42.503000017014024)",POINT (-68.56590730561373 42.502830005246),2019-03-02,s3,161866.73471655327,171983.40563633785,,10116.670919784578
s35-r10000m,"LINESTRING (-68.62746696604763 42.503000017014024, -68.6315 42.503, -68.6365 42.503, -68.6415 42.50299999999999, -68.6465 42.502999999999986, -68.65083 42.502999999999986, -68.65583 42.50299999999998, -68.6615 42.50299999999999, -68.66583 42.503, -68.67067 42.502829999999975, -68.67567 42.50282999999999, -68.68067 42.50283, -68.6855 42.50282999999999, -68.691 42.50283, -68.696 42.50282999999998, -68.701 42.50282999999999, -68.706 42.502829999999996, -68.71033 42.502829999999996, -68.71517 42.502829999999996, -68.72017 42.50282999999998, -68.72583 42.50282999999998, -68.73067 42.50283, -68.735 42.50282999999999, -68.74 42.50282999999999, -68.745 42.502829999999996, -68.75 42.502829999999996, -68.75059076210783 42.50283001136406)",POINT (-68.68902609650081 42.502830030365494),2019-03-02,s3,171983.40563633785,182100.07655612243,,10116.670919784603
s36-r10000m,"LINESTRING (-68.75059076210783 42.50283001136406, -68.755 42.50282999999999, -68.75983 42.50283, -68.76483 42.50283, -68.7705 42.50282999999998, -68.77483 42.50282999999999, -68.77967 42.50282999999998, -68.78467 42.50267, -68.79033 42.502669999999995, -68.7945 42.502669999999995, -68.7995 42.502669999999995, -68.8045 42.50266999999999, -68.81 42.50267, -68.815 42.502669999999995, -68.82 42.50249999999998, -68.82483 42.5025, -68.83033 42.5025, -68.83417 42.50249999999999, -68.839 42.502500000000005, -68.844 42.5025, -68.849 42.5025, -68.85383 42.5025, -68.8595 42.502500000000005, -68.865 42.50249999999999, -68.86867 42.502500000000005, -68.87367000000002 42.50249999999999, -68.87371019108137 42.502500000957326)",POINT (-68.81215083489744 42.502670026735),2019-03-02,s3,182100.07655612243,192216.747475907,1.0,10116.670919784667
s37-r10000m,"LINESTRING (-68.87371019108137 42.502500000957326, -68.87917 42.502500000000005, -68.88417 42.5025, -68.8885 42.502500000000005, -68.89333 42.502500000000005, -68.899 42.5025, -68.90383 42.5025, -68.90867 42.502500000000005, -68.913 42.50249999999999, -68.91867 42.50233, -68.9235 42.50233, -68.9285 42.502329999999986, -68.93283 42.502329999999986, -68.93767 42.50233, -68.94267 42.50233, -68.94817 42.50233000000001, -68.95317 42.50232999999999, -68.958 42.50233, -68.963 42.502329999999986, -68.968 42.50216999999999, -68.97283 42.50216999999999, -68.97717 42.50217, -68.982 42.50217000000001, -68.987 42.50217, -68.99183 42.50217, -68.99683 42.50217)",POINT (-68.93527018251724 42.50233002554779),2019-03-02,s3,192216.747475907,202333.41839569158,3.0,10116.670919784605
s38-r10000m,"LINESTRING (-67.08317 42.897499999999994, -67.08317 42.89349999999998, -67.08317 42.88949999999998, -67.08317 42.88549999999999, -67.08317 42.88149999999999, -67.08317 42.877, -67.08317 42.87316999999999, -67.08317 42.86916999999999, -67.08317 42.86566999999999, -67.08317 42.86117, -67.08317 42.85717, -67.08317 42.85316999999998, -67.08317 42.84967000000001, -67.08317 42.84567, -67.08317 42.841669999999986, -67.08317 42.837669999999996, -67.08317 42.83367, -67.08317 42.829829999999994, -67.08317 42.825829999999996, -67.08317 42.821829999999984, -67.08317 42.81782999999999, -67.08317 42.81332999999999, -67.08317 42.80933, -67.08317000086609 42.806318975418485)",POINT (-67.083170000821 42.8519096597008),2019-03-05,s4,0.0,10128.291402124205,,10128.291402124303
s39-r10000m,"LINESTRING (-67.08317000086609 42.806318975418485, -67.08317 42.80533, -67.08317 42.80183, -67.08317 42.79733, -67.08317 42.793, -67.08317 42.79, -67.08317 42.786, -67.08317 42.78199999999999, -67.08317 42.778, -67.08317 42.77349999999999, -67.08317 42.769999999999996, -67.08317 42.766, -67.08317 42.7615, -67.08317 42.758, -67.08367 42.75417, -67.08733 42.751000000000005, -67.09167 42.74999999999999, -67.09283 42.74982999999999, -67.09383000000001 42.74967000000001, -67.0955 42.74967, -67.10050000000001 42.7495, -67.10433 42.7495, -67.10883 42.7495, -67.11333 42.749500000000005, -67.11783000000001 42.749670000000016, -67.12233000000002 42.74982999999998, -67.1275 42.75, -67.132 42.74982999999999, -67.1343390957564 42.74975981393607)",POINT (-67.08317000061257 42.760727947191555),2019-03-05,s4,10128.291402124205,20256.58280424841,,10128.291402124116
s40-r10000m,"LINESTRING (-67.1343390957564 42.74975981393607, -67.13733 42.74967000000001, -67.14067 42.74967000000001, -67.14533 42.74967, -67.15 42.74967000000001, -67.15533 42.74982999999999, -67.15983 42.74982999999999, -67.164 42.75, -67.1685 42.74999999999999, -67.17367 42.74999999999999, -67.17767 42.749999999999986, -67.18217 42.749999999999986, -67.18667 42.75016999999999, -67.19167 42.75016999999999, -67.19617 42.75017, -67.20067 42.75017, -67.20533 42.75017, -67.20983 42.75017, -67.2145 42.75017, -67.2185 42.75017, -67.223 42.750170000000004, -67.22767 42.75016999999999, -67.23333 42.75016999999998, -67.23667 42.75017, -67.24117 42.75016999999998, -67.24567 42.75033, -67.25017 42.75033, -67.2545 42.750330000000005, -67.25804181013137 42.75033001482341)",POINT (-67.19618276139701 42.75017000025012),2019-03-05,s4,20256.58280424841,30384.874206372617,,10128.291402124205
s41-r10000m,"LINESTRING (-67.25804181013137 42.75033001482341, -67.259 42.75032999999999, -67.26333 42.75033, -67.26767 42.750330000000005, -67.272 42.75033, -67.27683 42.750329999999984, -67.28133 42.750330000000005, -67.28567000000001 42.750330000000005, -67.29017000000002 42.75033, -67.29467 42.75032999999999, -67.29917 42.750330000000005, -67.30367 42.75033, -67.308 42.750330000000005, -67.312 42.750330000000005, -67.3165 42.75032999999999, -67.3215 42.750329999999984, -67.32583 42.75033000000001, -67.32967 42.750330000000005, -67.33467 42.750330000000005, -67.339 42.75033, -67.34283 42.75033, -67.34733 42.75033, -67.35167 42.750330000000005, -67.356 42.75033, -67.361 42.750330000000005, -67.36533 42.750330000000005, -67.36917 42.75033000000001, -67.3735 42.750330000000005, -67.37783 42.750330000000005, -67.38177387618352 42.750330015435935)",POINT (-67.31990731317995 42.75033002370272),2019-03-05,s4,30384.874206372617,40513.16560849682,,10128.29140212414
s42-r10000m,"LINESTRING (-67.38177387618352 42.750330015435935, -67.38267 42.750330000000005, -67.3865 42.75032999999999, -67.39133 42.75050000000001, -67.39567 42.75033, -67.4 42.75033, -67.40417 42.750330000000005, -67.408 42.750499999999995, -67.41283 42.750499999999995, -67.41717 42.7505, -67.42117 42.750499999999995, -67.426 42.750499999999995, -67.4305 42.7505, -67.435 42.750499999999995, -67.439 42.750330000000005, -67.4435 42.7505, -67.448 42.7505, -67.4525 42.750499999999995, -67.457 42.7505, -67.462 42.750499999999995, -67.4665 42.75049999999999, -67.471 42.750499999999995, -67.47567 42.7505, -67.48017 42.7505, -67.48417 42.7505, -67.48867 42.7505, -67.49383 42.750499999999995, -67.49833 42.7505, -67.50283 42.750499999999995, -67.5054791738126 42.750500017595584)",POINT (-67.44361043920804 42.750500002117256),2019-03-05,s4,40513.16560849682,50641.45701062102,,10128.291402124216
s43-r10000m,"LINESTRING (-67.5054791738126 42.750500017595584, -67.507 42.750499999999995, -67.5115 42.750499999999995, -67.516 42.75033, -67.521 42.75033000000001, -67.5255 42.750499999999995, -67.52983 42.750499999999995, -67.53433 42.750499999999995, -67.53883 42.750499999999995, -67.54367 42.750499999999995, -67.54700000000001 42.75033, -67.55150000000002 42.750330000000005, -67.55583 42.75033, -67.56083 42.75033, -67.56533 42.75033, -67.56967 42.75033, -67.57417 42.75033, -67.578 42.75033, -67.5825 42.75033, -67.58683 42.75033, -67.59133 42.75033, -67.59617 42.75032999999999, -67.60067 42.75032999999999, -67.605 42.75033, -67.61 42.75033, -67.61333 42.75033, -67.61767 42.75033, -67.62217 42.75033, -67.6265 42.75032999999999, -67.62919938129545 42.75033002712044)",POINT (-67.56732896913077 42.75033002043683),2019-03-05,s4,50641.45701062102,60769.748412745226,,10128.291402124225
s44-r10000m,"LINESTRING (-67.62919938129545 42.75033002712044, -67.6315 42.750330000000005, -67.636 42.75033, -67.6405 42.75016999999999, -67.64483 42.75016999999998, -67.64933 42.75016999999999, -67.65367 42.75017, -67.65767 42.75016999999999, -67.662 42.750170000000004, -67.6665 42.75017, -67.67083 42.75017, -67.67517 42.75016999999999, -67.67967 42.750169999999976, -67.6845 42.75017, -67.689 42.75016999999998, -67.69283 42.75016999999998, -67.69717 42.75017, -67.7015 42.75017, -67.70583 42.75017, -67.71083 42.75, -67.71517 42.74999999999998, -67.71967 42.749999999999986, -67.724 42.75, -67.729 42.749999999999986, -67.73233 42.74999999999999, -67.73667000000002 42.75, -67.741 42.749999999999986, -67.7455 42.75, -67.7495 42.748670000000004, -67.7505906836997 42.746575952248406)",POINT (-67.69106528861758 42.75017001591584),2019-03-05,s4,60769.748412745226,70898.03981486944,,10128.291402124285
s45-r10000m,"LINESTRING (-67.7505906836997 42.746575952248406, -67.7515 42.74483, -67.75083 42.7415, -67.75017 42.73782999999999, -67.75 42.73533, -67.74983 42.73349999999998, -67.74967 42.73016999999999, -67.7495 42.72599999999999, -67.7495 42.72217, -67.7495 42.718329999999995, -67.7495 42.714499999999994, -67.74967 42.71067, -67.74967 42.707170000000005, -67.74967 42.70333000000001, -67.74967 42.6995, -67.74967 42.69567, -67.74967 42.69116999999999, -67.74967 42.68733, -67.74967 42.683499999999995, -67.74967 42.6795, -67.7495 42.675669999999975, -67.74933 42.672169999999994, -67.747 42.66867, -67.74217 42.66683000000001, -67.73633 42.66633, -67.73117 42.66633, -67.73045854158092 42.66633001384885)",POINT (-67.74967000068555 42.70118271898643),2019-03-05,s4,70898.03981486944,81026.33121699364,,10128.291402124072
s46-r10000m,"LINESTRING (-67.73045854158092 42.66633001384885, -67.726 42.666329999999995, -67.7215 42.6665, -67.71633 42.66649999999999, -67.71117 42.66666999999999, -67.70517 42.666669999999996, -67.70067 42.66666999999999, -67.69533 42.66666999999999, -67.69017 42.66666999999999, -67.68483 42.66683, -67.6795 42.66683, -67.67433 42.66682999999999, -67.66900000000001 42.66682999999999, -67.66367 42.66682999999998, -67.65767 42.66682999999999, -67.65233 42.66682999999999, -67.647 42.666830000000004, -67.64167 42.66683, -67.637 42.66682999999999, -67.63167 42.66699999999999, -67.62633 42.667, -67.62100000000001 42.667, -67.61517 42.66699999999998, -67.60983 42.666999999999994, -67.60690206370788 42.6670000307073)",POINT (-67.66868523465787 42.666830006892255),2019-03-05,s4,81026.33121699364,91154.62261911784,,10128.291402124189
s47-r10000m,"LINESTRING (-67.60690206370788 42.6670000307073, -67.6045 42.667, -67.59917 42.667, -67.59383 42.667, -67.5885 42.666999999999994, -67.5825 42.667, -67.5785 42.66699999999999, -67.5725 42.666999999999994, -67.56717 42.66717, -67.56183 42.66716999999999, -67.55717 42.66716999999998, -67.55133 42.66717, -67.546 42.66716999999999, -67.54067000000002 42.66716999999999, -67.53467 42.66717, -67.53067 42.66716999999999, -67.52467 42.66716999999999, -67.51933 42.667170000000006, -67.514 42.66716999999999, -67.50867 42.66717, -67.50333 42.66717, -67.49733 42.66716999999999, -67.49333 42.66716999999998, -67.48733 42.66716999999999, -67.48333299919042 42.66717003495719)",POINT (-67.54511961077817 42.667170017104304),2019-03-05,s4,91154.62261911784,101282.91402124205,,10128.291402124252
s48-r10000m,"LINESTRING (-67.48333299919042 42.66717003495719, -67.48133 42.66716999999999, -67.47733 42.66717, -67.47133 42.667170000000006, -67.4655 42.66717000000001, -67.4615 42.66717, -67.4555 42.667170000000006, -67.45083 42.667169999999984, -67.4455 42.66717, -67.4395 42.66717, -67.435 42.66716999999999, -67.42967 42.66717, -67.42433 42.66717, -67.41833 42.66717, -67.41317 42.667170000000006, -67.4085 42.66717, -67.40317 42.667169999999984, -67.39783 42.66716999999999, -67.39183 42.66716999999999, -67.38717 42.66717, -67.38183 42.66716999999999, -67.3765 42.66717, -67.37117 42.66716999999999, -67.36583 42.66716999999999, -67.35983 42.66716999999999, -67.35976268588091 42.6671700015469)",POINT (-67.42154734457677 42.66717003909243),2019-03-05,s4,101282.91402124205,111411.20542336625,,10128.29140212419
s49-r10000m,"LINESTRING (-67.35976268588091 42.6671700015469, -67.3545 42.66717, -67.34917 42.66717, -67.34383 42.66717, -67.3385 42.66716999999999, -67.333 42.66717, -67.32767 42.66717, -67.323 42.66717, -67.31767 42.667170000000006, -67.31217 42.667170000000006, -67.30683 42.667169999999984, -67.30083 42.66716999999999, -67.29533 42.66717, -67.29 42.66717, -67.28533 42.66716999999999, -67.28 42.66716999999999, -67.27467 42.66716999999999, -67.26933 42.667000000000016, -67.264 42.66699999999998, -67.25867 42.66699999999998, -67.25267 42.667, -67.24717 42.667, -67.24183 42.667, -67.23717 42.66699999999999, -67.23620157583471 42.66700001848775)",POINT (-67.29797906204399 42.667170032979556),2019-03-05,s4,111411.20542336625,121539.49682549045,,10128.291402124167
s50-r10000m,"LINESTRING (-67.23620157583471 42.66700001848775, -67.23183 42.66699999999999, -67.2265 42.66699999999999, -67.22117 42.66699999999999, -67.21583000000001 42.66699999999999, -67.2105 42.667, -67.20517 42.66700000000001, -67.19983 42.667, -67.19367 42.667, -67.18833 42.667, -67.183 42.66699999999999, -67.17783 42.66699999999999, -67.17233000000002 42.66699999999999, -67.16767 42.66700000000001, -67.16233 42.666999999999994, -67.157 42.66683, -67.151 42.66682999999999, -67.14567 42.66682999999998, -67.141 42.66682999999999, -67.135 42.66683, -67.129 42.66683, -67.125 42.66682999999999, -67.11967 42.66682999999999, -67.11433 42.66683, -67.11264668443205 42.66677949582016)",POINT (-67.17442030685476 42.66700003112586),2019-03-05,s4,121539.49682549045,131667.78822761466,,10128.291402124236
s51-r10000m,"LINESTRING (-67.11264668443205 42.66677949582016, -67.109 42.666669999999996, -67.10367 42.66666999999999, -67.09833000000002 42.66667, -67.093 42.666499999999985, -67.08767 42.66617, -67.0835 42.663500000000006, -67.08233 42.65949999999999, -67.0825 42.65767, -67.08283 42.65567, -67.083 42.65133000000001, -67.08283 42.64732999999998, -67.0825 42.64383000000001, -67.08233 42.639329999999966, -67.08233 42.635829999999984, -67.0825 42.63183, -67.0825 42.62717, -67.0825 42.62317, -67.08233 42.6195, -67.08217 42.61499999999999, -67.082 42.61082999999999, -67.082 42.60683, -67.082 42.60333, -67.082 42.59867, -67.08200000032797 42.59497499239563)",POINT (-67.08237643598774 42.640559221701665),2019-03-05,s4,131667.78822761466,141796.07962973887,,10128.291402124532
s52-r10000m,"LINESTRING (-67.08200000032797 42.59497499239563, -67.082 42.594669999999994, -67.082 42.59117, -67.08333 42.587329999999994, -67.08733 42.58533, -67.09217 42.584669999999996, -67.09317 42.584499999999984, -67.0965 42.58383, -67.10017 42.58332999999998, -67.1045 42.58283, -67.1095 42.58266999999999, -67.1145 42.58267000000001, -67.11783000000001 42.582669999999986, -67.12283 42.58283, -67.12667 42.58283, -67.13117 42.583, -67.1355 42.583, -67.14 42.583, -67.14433 42.58317, -67.14933 42.58317, -67.15383 42.58317000000001, -67.15817 42.58333, -67.162 42.583330000000004, -67.167 42.58332999999999, -67.171 42.583330000000004, -67.17533 42.58333, -67.18033 42.58332999999999, -67.18433 42.58333, -67.18883 42.58350000000001, -67.19317 42.5835, -67.19500604445159 42.58350002135505)",POINT (-67.13332570063864 42.58300002046511),2019-03-05,s4,141796.07962973887,151924.3710318631,5.0,10128.291402123921
s53-r10000m,"LINESTRING (-67.19500604445159 42.58350002135505, -67.19767 42.58350000000001, -67.20217 42.58350000000002, -67.20717 42.58350000000001, -67.2115 42.58350000000001, -67.216 42.583500000000015, -67.22033000000002 42.58350000000001, -67.22483 42.58367, -67.22867 42.58367, -67.23317 42.58367, -67.2375 42.583670000000005, -67.242 42.58366999999998, -67.24633 42.583669999999984, -67.25083 42.58366999999999, -67.25533 42.58366999999999, -67.25967 42.58366999999999, -67.26467 42.58367, -67.26867 42.58366999999999, -67.27367 42.58367, -67.278 42.58366999999999, -67.282 42.58366999999999, -67.28633 42.58366999999998, -67.29133 42.58367, -67.29533 42.583670000000005, -67.29983 42.58383, -67.30483 42.58383, -67.30917 42.58383, -67.31367 42.583829999999985, -67.31767 42.58383, -67.31839455467205 42.583830011942595)",POINT (-67.25669935028714 42.583670017759914),2019-03-05,s4,151924.3710318631,162052.6624339873,3.0,10128.291402124218
s54-r10000m,"LINESTRING (-67.31839455467205 42.583830011942595, -67.32217 42.58383, -67.3265 42.58383, -67.33167 42.58382999999999, -67.336 42.58383, -67.3405 42.58383, -67.345 42.583830000000006, -67.349 42.583829999999985, -67.35333 42.58383, -67.35783 42.58383, -67.36233 42.58383, -67.36683 42.583829999999985, -67.37133 42.58382999999999, -67.37633 42.58383, -67.38017 42.58383, -67.38467 42.58383, -67.38983 42.58383, -67.39367 42.58383, -67.39817 42.584, -67.40333 42.584, -67.40717 42.584, -67.41167 42.58400000000001, -67.41683 42.583830000000006, -67.42067 42.58383, -67.42583 42.58383, -67.43033 42.58383, -67.43467 42.58383, -67.43917 42.58383, -67.44178777573696 42.583830015795805)",POINT (-67.38009613027195 42.58383000121453),2019-03-05,s4,162052.6624339873,172180.95383611153,,10128.2914021243
s55-r10000m,"LINESTRING (-67.44178777573696 42.583830015795805, -67.44317 42.58383, -67.4475 42.58383, -67.452 42.58383, -67.4565 42.583830000000006, -67.461 42.58383, -67.4655 42.583829999999985, -67.4705 42.58383, -67.4745 42.58382999999999, -67.47883 42.58383, -67.484 42.58383, -67.48783 42.58383, -67.49283 42.58383, -67.49733 42.58383, -67.50133 42.58382999999999, -67.50633 42.58383, -67.51083 42.58382999999999, -67.51483 42.58383, -67.51933 42.58383, -67.52383 42.58383, -67.52883 42.58383, -67.53283 42.58383, -67.53733 42.583829999999985, -67.54183 42.58383, -67.54633 42.58383, -67.55083 42.58383, -67.55583 42.58383, -67.56033 42.58383, -67.56483 42.583669999999984, -67.5651906689294 42.58367000678456)",POINT (-67.50349135640218 42.583830026782685),2019-03-05,s4,172180.95383611153,182309.24523823574,,10128.291402124303
s56-r10000m,"LINESTRING (-67.5651906689294 42.58367000678456, -67.5695 42.58367, -67.574 42.58366999999998, -67.579 42.583669999999984, -67.5825 42.58366999999999, -67.5875 42.58367, -67.592 42.583669999999984, -67.5965 42.58366999999999, -67.6005 42.58367, -67.605 42.58367, -67.6095 42.58366999999999, -67.614 42.58366999999999, -67.6185 42.58366999999999, -67.62317 42.58367, -67.62817 42.58366999999999, -67.63267 42.58367, -67.63733 42.583670000000005, -67.64117 42.58366999999999, -67.64567 42.58366999999999, -67.65083 42.58350000000001, -67.65533 42.5835, -67.65983 42.5835, -67.66433 42.5835, -67.66833 42.5835, -67.67283 42.583499999999994, -67.67783 42.5835, -67.68183 42.58350000000001, -67.68633000000001 42.583500000000015, -67.68859684504892 42.583500027043655)",POINT (-67.62689594134862 42.58367002072128),2019-03-05,s4,182309.24523823574,192437.53664035996,,10128.291402124127
s57-r10000m,"LINESTRING (-67.68859684504892 42.583500027043655, -67.69133 42.58350000000002, -67.69533 42.58332999999998, -67.69983 42.58317000000002, -67.70483 42.58317000000002, -67.70867 42.58299999999999, -67.71317 42.58299999999999, -67.71767 42.58317000000002, -67.72267 42.58317000000001, -67.727 42.58317, -67.7315 42.58317000000001, -67.73533 42.58317, -67.73983 42.583, -67.74417 42.58067, -67.7455 42.57699999999999, -67.74617 42.57299999999999, -67.74667 42.568999999999996, -67.74667 42.568169999999995, -67.747 42.56516999999999, -67.748 42.56117, -67.749 42.557329999999986, -67.74917 42.553169999999994, -67.749 42.548669999999994, -67.74883 42.54549999999999, -67.74883 42.54099999999999, -67.74883 42.53632999999999, -67.74883 42.53333, -67.74889135585899 42.53164823409263)",POINT (-67.74548372914172 42.57704490058217),2019-03-05,s4,192437.53664035996,202565.82804248418,,10128.291402124061
s58-r10000m,"LINESTRING (-67.74889135585899 42.53164823409263, -67.749 42.52867, -67.749 42.52517, -67.74917 42.521, -67.74917 42.5165, -67.749 42.513000000000005, -67.74867 42.50883, -67.74750000000002 42.50483, -67.74383 42.50149999999999, -67.73883 42.49999999999999, -67.7335 42.49967, -67.72817 42.4995, -67.72233 42.49966999999998, -67.717 42.49982999999998, -67.71167 42.49983, -67.7065 42.5, -67.70117 42.49999999999999, -67.69567 42.49999999999999, -67.691 42.49999999999999, -67.68567 42.50017, -67.67967 42.50017, -67.67433 42.50017, -67.66900000000001 42.50017, -67.66433 42.50017, -67.66320930698429 42.500170020586246)",POINT (-67.72481723155532 42.49959763424096),2019-03-05,s4,202565.82804248418,212694.1194446084,,10128.29140212435
s59-r10000m,"LINESTRING (-67.66320930698429 42.500170020586246, -67.659 42.50017, -67.65367 42.50017, -67.64767 42.50017, -67.64233 42.50017, -67.637 42.500170000000004, -67.63217 42.50017, -67.62683 42.50017, -67.6215 42.50017, -67.61617 42.50032999999999, -67.61067 42.50033, -67.60467 42.500329999999984, -67.59933 42.50033, -67.59383 42.500329999999984, -67.5885 42.50032999999999, -67.5825 42.500329999999984, -67.5785 42.50033, -67.57317 42.500329999999984, -67.56767 42.50032999999999, -67.56233 42.50032999999999, -67.55633 42.50032999999998, -67.55033 42.5005, -67.54633 42.50049999999999, -67.54017 42.500499999999995, -67.53997154561561 42.500500004453066)",POINT (-67.60159005344687 42.50033003037765),2019-03-05,s4,212694.1194446084,222822.41084673262,,10128.29140212427
s60-r10000m,"LINESTRING (-67.53997154561561 42.500500004453066, -67.53483 42.5005, -67.53217 42.5005, -67.5295 42.5005, -67.52417 42.500499999999995, -67.5195 42.5005, -67.51417 42.5005, -67.50883 42.5005, -67.50283 42.5005, -67.4975 42.5005, -67.49217 42.50049999999999, -67.48683 42.5005, -67.4815 42.500499999999995, -67.47617 42.5005, -67.4715 42.50049999999999, -67.466 42.500499999999995, -67.46067 42.5005, -67.45533 42.5005, -67.45 42.5005, -67.44467 42.500499999999995, -67.43933 42.5005, -67.434 42.5005, -67.4285 42.500499999999995, -67.4225 42.50049999999999, -67.41783 42.5005, -67.41672827767401 42.50050002033146)",POINT (-67.47834943156903 42.500500029967505),2019-03-05,s4,222822.41084673262,232950.70224885683,3.0,10128.29140212403
s61-r10000m,"LINESTRING (-67.41672827767401 42.50050002033146, -67.4125 42.500499999999995, -67.4065 42.50049999999999, -67.40167 42.5005, -67.39633 42.50049999999998, -67.391 42.500499999999995, -67.385 42.50049999999999, -67.37883 42.5005, -67.37483 42.5005, -67.36883 42.50049999999999, -67.36417000000002 42.5005, -67.35883 42.50049999999999, -67.35267 42.50049999999999, -67.348 42.5005, -67.34267 42.50049999999999, -67.33667 42.50049999999999, -67.33117 42.5005, -67.32583 42.5005, -67.3205 42.5005, -67.315 42.5005, -67.30967000000001 42.50050000000001, -67.305 42.5005, -67.29967 42.5005, -67.29417 42.5005, -67.29348900570415 42.5005000138484)",POINT (-67.35510812277187 42.500500039606315),2019-03-05,s4,232950.70224885683,243078.99365098105,,10128.291402124281
s62-r10000m,"LINESTRING (-67.29348900570415 42.5005000138484, -67.28883 42.50050000000001, -67.28333 42.50050000000001, -67.278 42.5005, -67.272 42.50049999999999, -67.2665 42.5005, -67.26117 42.50033, -67.25633 42.50049999999999, -67.251 42.50050000000002, -67.2455 42.500499999999995, -67.24017 42.50050000000001, -67.23483 42.500329999999984, -67.2295 42.50032999999999, -67.224 42.500329999999984, -67.218 42.50032999999999, -67.21267 42.50033, -67.20733 42.50032999999999, -67.202 42.500329999999984, -67.1975 42.50033, -67.19217000000002 42.500329999999984, -67.18683 42.50032999999999, -67.1815 42.50032999999999, -67.1755 42.50033, -67.17026957389672 42.50033000227339)",POINT (-67.23188633208655 42.50033003066174),2019-03-05,s4,243078.99365098105,253207.28505310527,,10128.291402124085
s63-r10000m,"LINESTRING (-67.17026957389672 42.50033000227339, -67.17017 42.50032999999999, -67.165 42.50032999999999, -67.159 42.50017, -67.15500000000002 42.50017, -67.14967 42.500170000000004, -67.14417 42.50016999999998, -67.13883 42.50016999999999, -67.1335 42.50017, -67.1275 42.50017, -67.1215 42.50017, -67.1175 42.50017, -67.1115 42.5, -67.1055 42.49999999999999, -67.10133 42.5, -67.096 42.49982999999999, -67.09067 42.49917000000001, -67.08667 42.496329999999986, -67.08533 42.49233, -67.08517 42.49133, -67.08433 42.48783, -67.08333 42.48382999999999, -67.08267 42.47982999999999, -67.08233 42.47632999999998, -67.08217 42.47233, -67.08217000019222 42.46850259244643)",POINT (-67.10866241326968 42.500000039172164),2019-03-05,s4,253207.28505310527,263335.5764552295,,10128.291402124165
s64-r10000m,"LINESTRING (-67.08217000019222 42.46850259244643, -67.08217 42.46832999999999, -67.08233 42.464169999999996, -67.0825 42.46016999999999, -67.08267 42.45616999999999, -67.08267 42.452169999999995, -67.08283 42.44799999999998, -67.08283 42.442999999999984, -67.08283 42.44, -67.08283 42.43599999999999, -67.08283 42.432, -67.08283 42.42732999999999, -67.083 42.42333000000001, -67.08483 42.41967, -67.08817 42.418, -67.093 42.41717, -67.09733 42.4165, -67.10183 42.41617, -67.10283 42.416, -67.10617 42.41599999999998, -67.111 42.41583, -67.11433 42.41599999999999, -67.11933 42.416169999999994, -67.12417 42.416169999999994, -67.1275 42.41617, -67.1325 42.41633, -67.13633 42.41632999999999, -67.14066878820621 42.416330000022946)",POINT (-67.08319302377231 42.422943974870996),2019-03-05,s4,263335.5764552295,273463.8678573537,,10128.291402124198
s65-r10000m,"LINESTRING (-67.14066878820621 42.416330000022946, -67.14067 42.41633, -67.14567 42.4165, -67.15017 42.416499999999985, -67.15517 42.416499999999985, -67.1585 42.41649999999998, -67.16283 42.41649999999998, -67.16733 42.41666999999999, -67.17167 42.41667, -67.17667 42.41667000000001, -67.1805 42.41667, -67.185 42.41667, -67.19 42.41683000000002, -67.19433 42.41683, -67.19883 42.416830000000004, -67.20333 42.41683000000002, -67.20767 42.41683000000001, -67.21283 42.41683, -67.216 42.41683, -67.221 42.41682999999999, -67.2255 42.416830000000004, -67.22933 42.41682999999999, -67.23367 42.416830000000004, -67.23817 42.41699999999999, -67.2425 42.416999999999994, -67.247 42.41699999999999, -67.25133 42.417, -67.25583 42.417, -67.26083 42.41699999999999, -67.26371689925611 42.41700002032147)",POINT (-67.20218718247497 42.41683001674287),2019-03-05,s4,273463.8678573537,283592.1592594779,,10128.291402124207
s66-r10000m,"LINESTRING (-67.26371689925611 42.41700002032147, -67.26533 42.416999999999994, -67.26967 42.417, -67.27417 42.416999999999994, -67.27867 42.41699999999999, -67.28267 42.416999999999994, -67.287 42.41699999999998, -67.2915 42.41699999999999, -67.296 42.41699999999999, -67.3005 42.416999999999994, -67.305 42.41699999999998, -67.31017 42.41716999999999, -67.31517 42.41716999999999, -67.3185 42.417169999999984, -67.3235 42.417169999999984, -67.328 42.41717, -67.3325 42.417170000000006, -67.3365 42.41716999999999, -67.341 42.41717, -67.3455 42.417169999999984, -67.35 42.41717, -67.35467 42.417169999999984, -67.35917 42.41717, -67.36433 42.417169999999984, -67.36883 42.417170000000006, -67.37333 42.41717, -67.37717 42.41717, -67.38217 42.41717, -67.38678657801572 42.417170010946855)",POINT (-67.32524860693812 42.4171700209938),2019-03-05,s4,283592.1592594779,293720.45066160214,,10128.291402124374
s67-r10000m,"LINESTRING (-67.38678657801572 42.417170010946855, -67.38733 42.41716999999999, -67.3905 42.41717, -67.39167 42.41716999999999, -67.395 42.417170000000006, -67.39933 42.417170000000006, -67.40383 42.41717, -67.40817 42.41716999999999, -67.41317 42.41716999999999, -67.4175 42.417169999999984, -67.42183 42.41717, -67.42567 42.41716999999999, -67.43 42.41716999999998, -67.435 42.41716999999999, -67.43867 42.41717, -67.443 42.41716999999999, -67.4475 42.41717, -67.45183 42.41717, -67.45617 42.41699999999998, -67.4605 42.416999999999994, -67.46533 42.41699999999999, -67.46983 42.417, -67.47417 42.416999999999994, -67.478 42.417, -67.48233 42.417, -67.48667 42.41699999999998, -67.49167 42.417, -67.49533 42.41699999999998, -67.49983 42.41699999999999, -67.50417 42.41699999999999, -67.5085 42.417, -67.50985932392706 42.417000017619024)",POINT (-67.44832556697833 42.41717001262373),2019-03-05,s4,293720.45066160214,303848.74206372636,,10128.291402124283
s68-r10000m,"LINESTRING (-67.50985932392706 42.417000017619024, -67.51283 42.417, -67.51717 42.416999999999994, -67.5215 42.416999999999994, -67.526 42.41699999999998, -67.53033 42.416999999999994, -67.53467 42.416999999999994, -67.539 42.416999999999994, -67.54333 42.417, -67.54817 42.417, -67.552 42.417, -67.55633 42.416999999999994, -67.56067 42.416999999999994, -67.56567 42.416999999999994, -67.57 42.41699999999999, -67.57433 42.41699999999999, -67.57867 42.417, -67.58367 42.417, -67.58733 42.416999999999994, -67.59183 42.417, -67.5955 42.41699999999999, -67.6 42.417, -67.60483 42.416999999999994, -67.60917 42.417, -67.6135 42.41699999999999, -67.61783 42.416999999999994, -67.62167 42.41699999999998, -67.626 42.41699999999999, -67.63033 42.416999999999994, -67.63294170940529 42.417000019693354)",POINT (-67.57140006591344 42.417000017897685),2019-03-05,s4,303848.74206372636,313977.0334658506,2.0,10128.291402124238
s69-r10000m,"LINESTRING (-67.63294170940529 42.417000019693354, -67.63467 42.41699999999998, -67.639 42.41699999999998, -67.644 42.41683, -67.64833 42.41683000000001, -67.65217 42.41683, -67.6565 42.416830000000004, -67.66083 42.416830000000004, -67.66517 42.41683000000001, -67.6695 42.416830000000004, -67.6745 42.416830000000004, -67.67883 42.41682999999999, -67.68317 42.41683000000001, -67.687 42.41683, -67.69133 42.41683000000001, -67.69583 42.41683000000001, -67.70067 42.41683000000001, -67.70517 42.41682999999998, -67.7095 42.41683, -67.71333 42.416830000000004, -67.71833 42.41667, -67.72333 42.416669999999996, -67.7265 42.416669999999996, -67.7315 42.41667, -67.73583 42.41667000000002, -67.73983 42.41667, -67.74467 42.41667, -67.74917 42.41666999999999, -67.75317 42.417499999999976, -67.75467 42.41817, -67.7555 42.4185)",POINT (-67.69447881136308 42.41683001856219),2019-03-05,s4,313977.0334658506,324105.3248679748,4.0,10128.291402124003
