segment_id,line,midpoint,midpoint_x,midpoint_y,date,section_id,dfbsec_beg,dfbsec_end,individuals,bss,se_length
s01-r10000m,"LINESTRING (580092.7569460695 4742883.408069062, 579997.1352812034 4742882.296655336, 579616.2832056836 4742877.883176729, 579166.7797354639 4742872.701240047, 578880.7321019899 4742869.418923003, 578485.1691263337 4742864.899526646, 578104.3172113626 4742860.569679985, 577708.541307238 4742874.972752315, 577272.9330040172 4742870.071224276, 576932.1287953567 4742866.255660213, 576537.3843916166 4742861.857278601, 576101.776226778 4742857.029844163, 575760.9721258391 4742853.272248088, 575325.3640515825 4742848.49393325, 574929.8025419103 4742844.178775362, 574494.1945636009 4742839.45304402, 574207.9446589648 4742855.24268001, 573813.2016233532 4742851.000461769, 573431.5350001702 4742846.920290781, 573036.7920441488 4742842.7225835305, 572655.1254975148 4742838.685448923, 572260.3826202477 4742834.532252404, 571878.7161493537 4742830.53815393, 571443.1097084251 4742826.005430648, 571047.366382845 4742839.680657139, 570652.6246845495 4742835.619618698, 570257.883025087 4742831.5812100945, 570093.6421002211 4742829.909713786)",POINT (575093.0208857555 4742845.9593149405),575093.0208857555,4742845.9593149405,2019-01-25,s001,0.0,10000.58028251031,1.0,2.0,10000.580282510362
s02-r10000m,"LINESTRING (570093.6421002211 4742829.909713786, 569917.081250786 4742828.112836373, 569522.3396631093 4742824.116595, 569126.7808434006 4742820.134779816, 568745.932924943 4742816.32252015, 568350.3741799216 4742812.385306609, 567955.6327426453 4742808.478880699, 567506.1342570607 4742804.058125349, 567111.2089367758 4742819.077911725, 566715.6514306932 4742815.234593823, 566320.911228897 4742811.421869308, 565926.1710635581 4742807.631773954, 565476.6740249927 4742803.343485738, 565162.8433930266 4742800.366875699, 564700.2701590366 4742796.005554909, 564386.4395828891 4742793.064330339, 564236.8797068222 4742791.667685379, 563936.9427028705 4742788.876553159, 563528.3092151417 4742785.094945241, 563065.5632797747 4742799.721224955, 562656.9309918205 4742795.991315583, 562248.2987407766 4742792.285655773, 561839.666526406 4742788.604245463, 561444.110577599 4742785.063738164, 561090.235139755 4742781.915557813, 560681.6030280091 4742778.302870245, 560272.9709520122 4742774.714431937, 560093.9875613516 4742773.153294805)",POINT (565093.8595398971 4742799.716469037),565093.8595398971,4742799.716469037,2019-01-25,s001,10000.58028251031,20001.16056502062,0.0,2.0,10000.58028251029
s03-r10000m,"LINESTRING (560093.9875613516 4742773.153294805, 559864.3389115273 4742771.150242829, 559455.7069063139 4742767.61030286, 559006.0595111101 4742781.511700369, 558597.4286335296 4742778.022681887, 558147.9347080565 4742774.212769108, 557847.9996935922 4742771.686839621, 557385.4296527497 4742767.81687501, 557044.6316115287 4742764.985561696, 556581.2443843249 4742761.162848452, 556186.5071505336 4742757.93105853, 555777.8765062712 4742754.6093566995, 555383.139335125 4742751.423618634, 554987.5849332996 4742748.253982798, 554592.8478229009 4742745.113546814, 554184.2173054513 4742741.886414062, 553789.4802559162 4742738.792029519, 553448.6824543397 4742736.1386808995, 553040.0520256835 4742732.979443376, 552645.3150612814 4742729.950645478, 552195.8216587947 4742726.529256936, 551841.1305274828 4742723.850180921, 551446.3936503335 4742720.890108025, 550996.9003464036 4742717.546977588, 550643.0265527263 4742714.935663904, 550247.4725003649 4742712.038305873, 550093.9263559841 4742710.922575097)",POINT (555094.0705854851 4742749.107268055),555094.0705854851,4742749.107268055,2019-01-25,s001,20001.16056502062,30001.740847530928,2.0,2.0,10000.580282510296
s04-r10000m,"LINESTRING (550093.9263559841 4742710.922575097, 549838.8423101195 4742709.06902728, 549444.1055742338 4742706.2237293245, 548994.6124298216 4742703.011294703, 548599.8757518252 4742700.214389254, 548395.5607116133 4742698.775602389, 548204.3218404367 4742697.434390256, 547754.8287916112 4742694.302879686, 547441.8181977458 4742692.139538778, 547047.0816236358 4742689.431641289, 546651.5278154925 4742686.740834357, 546188.9587254112 4742683.622967371, 545793.4049728825 4742680.981450504, 545384.775089802 4742678.276470113, 544881.3431105971 4742674.977272113, 544581.4088174269 4742673.029173395, 544227.5354052607 4742670.747533833, 543818.9056233764 4742668.135468688, 543410.2758673204 4742665.547650629, 542960.7831652004 4742662.729056093, 542552.1534625973 4742660.192156768, 542143.5237850755 4742657.679504392, 541747.9702808977 4742655.270352363, 541339.3406520333 4742652.805417857, 540876.7719415501 4742650.044370928, 540576.8378295441 4742648.270685509, 540168.2082698726 4742645.875242288, 540093.5613269579 4742645.442377578)",POINT (545093.7557138522 4742676.369299765),545093.7557138522,4742676.369299765,2019-01-25,s001,30001.740847530928,40002.32113004124,5.0,2.8461538461538463,10000.580282510324
s05-r10000m,"LINESTRING (540093.5613269579 4742645.442377578, 539704.8223778422 4742643.188147651, 539296.0851548617 4742659.722164375, 538887.456788728 4742657.402709126, 538478.8284455158 4742655.1075004665, 538070.2001249845 4742652.836538358, 537716.3280175444 4742650.8894758215, 537307.6997386918 4742648.663757673, 536898.9703386582 4742665.339997965, 536504.2365452321 4742663.23639918, 536054.7467427868 4742660.8685479965, 535659.1957379156 4742658.809107408, 535250.5686874485 4742656.705444498, 534855.9305189638 4742635.818622736, 534406.4395771174 4742633.558363054, 534093.4304448549 4742632.001728618, 533643.9395444512 4742629.791236623, 533289.2503781785 4742628.067666387, 532894.5156782512 4742626.170977231, 532485.8876435542 4742624.231364771, 532036.3968274991 4742622.125795221, 531627.7688327415 4742620.237099373, 531219.0552831265 4742637.250348586, 530824.3217577053 4742635.472312568, 530415.6949376541 4742633.655529295, 530094.6703406562 4742632.24823193)",POINT (535094.2242521172 4742648.430678865),535094.2242521172,4742648.430678865,2019-01-25,s001,40002.32113004124,50002.901412551546,0.0,3.0,10000.580282510356
s06-r10000m,"LINESTRING (530094.6703406562 4742632.24823193, 529966.2054562966 4742631.685071677, 529666.273396101 4742630.386558391, 529230.677260034 4742628.523968103, 528794.3428168644 4742607.807818449, 528508.303317681 4742606.617842141, 528127.4621686791 4742605.051912844, 527691.0476508248 4742603.283373246, 527296.2383667212 4742620.585250048, 526955.4437201832 4742619.2429622635, 526751.1303882387 4742618.446319293, 526560.7103664165 4742617.709305199, 526111.2210579618 4742615.990455091, 525716.4877351803 4742614.505186299, 525266.9984614428 4742612.841436644, 524967.0665379213 4742611.747581002, 524585.4093060937 4742610.374558226, 524190.6760367958 4742608.976744056, 523795.94278080383 4742607.601554675, 523400.39228482737 4742606.246213187, 523005.65905482665 4742604.916320158, 522570.06318629935 4742603.475016148, 522174.51272967464 4742602.190083247, 521738.9168897446 4742600.801349063, 521438.9850534746 4742599.861145169, 521044.2518842218 4742598.643672924, 520649.51872654865 4742597.448825301, 520253.96832735545 4742596.274198789, 520095.02073827136 4742595.811307692)",POINT (525095.2838615496 4742612.215191256),525095.2838615496,4742612.215191256,2019-01-25,s001,50002.901412551546,60003.481695061855,0.0,3.0,10000.58028251025
s07-r10000m,"LINESTRING (520095.02073827136 4742595.811307692, 519859.23519220785 4742595.124647198, 519409.74612820946 4742593.843183835, 519015.0130161657 4742592.742019755, 518660.32530122914 4742591.771866064, 518265.5922088606 4742590.713655784, 517870.85912654124 4742589.67807, 517407.47682504373 4742588.491251008, 517162.30100950645 4742587.875916753, 517066.68244243873 4742587.638302182, 516604.11741630576 4742586.507561535, 516208.5671212375 4742585.565281127, 515799.94079275953 4742584.615708081, 515405.207768297 4742583.721443071, 514996.5814579025 4742582.819535749, 514601.848450462 4742581.971315797, 514247.1608274451 4742581.228445092, 513852.4278350719 4742580.42317862, 513443.8384068668 4742560.735729586, 512994.3482780604 4742559.872978874, 512599.61422714527 4742559.139520361, 512204.0629284225 4742558.427237895, 511795.43556078564 4742557.71526588, 511400.70153025637 4742557.050523326, 510992.07417606685 4742556.386216747, 510638.20289258374 4742555.830516567, 510242.65162515145 4742555.230885493, 510094.93858868827 4742555.015585674)",POINT (515094.7470272937 4742583.03620375),515094.7470272937,4742583.03620375,2019-01-25,s001,60003.481695061855,70004.06197757216,0.0,2.3461538461538463,10000.58028251027
s08-r10000m,"LINESTRING (510094.93858868827 4742555.015585674, 509834.0242887025 4742554.63528883, 509371.4581508291 4742553.990329938, 508962.8308264524 4742553.446423249, 508513.3407757348 4742552.876128651, 508199.5149984893 4742552.4953504205, 507736.97009111644 4742533.082503971, 507287.47882415133 4742532.592217423, 506973.65219722566 4742532.2672993345, 506565.0237803702 4742531.865661276, 506170.28873336554 4742531.500701198, 505761.6603238905 4742531.146728326, 505298.27571164607 4742530.774658693, 504944.403514896 4742530.511516803, 504549.68021748203 4742512.472226858, 504086.2944195833 4742512.181703151, 503677.66497075657 4742511.951378518, 503336.868012104 4742511.777829592, 502928.23856707086 4742511.591969751, 502465.67003736435 4742511.410832783, 502124.8730829444 4742511.297256622, 501716.24364233087 4742511.183306561, 501307.6142027295 4742511.093601197, 500898.98722799233 4742492.150475531, 500504.25010862795 4742492.110262769, 500095.6195505685 4742492.092467173)",POINT (505095.05848548096 4742530.623544914),505095.05848548096,4742530.623544914,2019-01-25,s001,70004.06197757216,80004.64226008247,0.0,2.0,10000.580282510326
s09-r10000m,"LINESTRING (592927.5664739687 4733678.432117045, 592818.4664949741 4733695.84619529, 592436.2779722192 4733690.720666673, 591999.8390516912 4733702.663833951, 591562.8195914576 4733696.85648082, 591071.7865661818 4733690.364363578, 590690.1697637638 4733704.223912923, 590253.1516885879 4733698.499431623, 589762.1202184671 4733692.100428414, 589325.920662092 4733686.445268033, 588889.721167736 4733680.817663094, 588493.3807480949 4733694.6089450205, 588002.3509013925 4733688.3350631865, 587498.22700599 4733681.930205063, 587170.8738706381 4733677.790915521, 586665.9317261537 4733671.43649271, 586160.9896623058 4733665.118994267, 585820.542546219 4733660.880386703, 585370.4322320914 4733655.302224564, 584920.1035313634 4733667.520588103, 584415.1630418926 4733661.330735017, 583978.9665396832 4733656.013310305, 583528.8576398082 4733650.555173113, 583132.7618590157 4733645.77628223, 582682.4270882107 4733659.250925853, 582643.5978019278 4733658.787359549)",POINT (587786.4167486212 4733685.591635182),587786.4167486212,4733685.591635182,2019-03-03,s002,0.0,10287.022252470311,0.0,3.0,10287.022252470313
s10-r10000m,"LINESTRING (582643.5978019278 4733658.787359549, 582232.3195958076 4733653.877284283, 581796.1245748199 4733648.6977302665, 581278.0919125822 4733642.582195427, 580773.1533594937 4733636.658641097, 580431.8902308776 4733632.676111332, 579981.5644346396 4733646.326773465, 579531.4585325404 4733641.129164428, 579081.3526892475 4733635.960894193, 578577.2342141632 4733630.20726242, 578127.1284944384 4733625.101190088, 577677.0228324861 4733620.024456223, 577226.7185694197 4733632.744207261, 576789.7081251577 4733627.871713357, 576339.6037909512 4733622.882138559, 575958.2427083391 4733618.67756706, 575453.3076030216 4733613.142973265, 575003.2034354479 4733608.24050555, 574567.011631429 4733603.517560228, 574184.8323635405 4733599.402090678, 573734.7283514233 4733594.582301851, 573298.5366971637 4733589.939479617, 572861.3275808007 4733604.19314722, 572411.2249584682 4733599.4596080445, 572357.7596042173 4733598.90097864)",POINT (577500.6681060242 4733625.005950734),577500.6681060242,4733625.005950734,2019-03-03,s002,10287.022252470311,20574.044504940623,0.0,3.0,10287.022252470282
s11-r10000m,"LINESTRING (572357.7596042173 4733598.90097864, 571920.2039769859 4733594.329206079, 571484.0137248726 4733589.800982227, 571033.9112653524 4733585.157214581, 570597.7211137983 4733580.684972325, 570201.6310374279 4733576.647742725, 569765.440979171 4733572.228070119, 569315.3387184453 4733567.696315596, 568824.1300215062 4733581.663593594, 568387.9413075857 4733577.330914029, 567950.9342759807 4733573.017734064, 567569.5761185805 4733569.276394199, 567119.4753351717 4733564.887745695, 566682.4684402336 4733560.654835368, 566246.2799566295 4733556.457428226, 565809.9222307139 4733570.054666658, 565318.9046695681 4733565.3936048625, 564881.8990885145 4733561.274622588, 564445.7119150823 4733557.190929833, 564022.6185832485 4733553.256146502, 563641.261766819 4733549.731725438, 563204.2563577663 4733545.718903931, 562768.0693548479 4733541.741172838, 562277.0521429274 4733537.296388937, 562071.7130928597 4733544.610081776)",POINT (567214.6850837235 4733565.816075829),567214.6850837235,4733565.816075829,2019-03-03,s002,20574.044504940623,30861.066757410932,0.0,3.0,10287.0222524704
s12-r10000m,"LINESTRING (562071.7130928597 4733544.610081776, 561853.78996694 4733552.371989727, 561417.6042903262 4733548.479542161, 560994.5124083699 4733544.730262576, 560613.1568970984 4733541.373045625, 560176.1529816833 4733537.551826632, 559753.879575189 4733533.885683183, 559316.8757419861 4733530.118837755, 558894.6024143659 4733526.505234917, 558403.4273401254 4733541.213345917, 558035.166793736 4733538.109206733, 557544.152776552 4733534.000901085, 557121.0624057219 4733530.488911497, 556752.8019586107 4733527.453152887, 556329.7116573846 4733523.989643744, 555893.5276909887 4733520.446081994, 555416.4259485564 4733516.601649961, 554993.33576268 4733513.220010605, 554570.24561275 4733509.864290702, 554147.9738545752 4733506.540905791, 553670.0539227229 4733502.81070257, 553356.6235807879 4733500.382310669, 552879.5220787243 4733496.713134895, 552456.4321042451 4733493.486911077, 552033.3421640552 4733490.28660635, 551785.3730453142 4733488.425143658)",POINT (556928.7247722488 4733528.903374327),556928.7247722488,4733528.903374327,2019-03-03,s002,30861.066757410932,41148.089009881245,0.0,3.0,10287.022252470319
s13-r10000m,"LINESTRING (551785.3730453142 4733488.425143658, 551665.0820890726 4733487.522139573, 551242.8105679043 4733484.376385275, 550819.7207245396 4733481.250428413, 550396.630914398 4733478.150390416, 549933.4417209432 4733474.786258375, 549510.3519794971 4733471.740514457, 549087.2622704153 4733468.72068923, 548664.8657658424 4733483.499581526, 548241.7772090178 4733480.531542056, 547873.518336107 4733477.969239994, 547450.4298380425 4733475.049678677, 547028.1597239017 4733472.16160777, 546605.07128754 4733469.293833145, 546127.9715979655 4733466.0910522435, 545704.8832260951 4733463.278422947, 545281.7948841053 4733460.491711873, 544913.5361966148 4733458.08723887, 544436.4366412091 4733455.001309067, 544013.3483871438 4733452.292302225, 543645.08977551 4733449.955463344, 543222.8199274307 4733447.300054766, 542799.7317551633 4733444.665392912, 542322.6323604172 4733441.725483316, 541940.4618586369 4733439.394303536, 541517.3737703324 4733436.838197281, 541498.8341835511 4733436.727324111)",POINT (546642.2404901425 4733469.545773134),546642.2404901425,4733469.545773134,2019-03-03,s002,41148.089009881245,51435.11126235156,0.0,3.0,10287.022252470251
s14-r10000m,"LINESTRING (541498.8341835511 4733436.727324111, 541095.1040612957 4733434.312877729, 540672.016026951 4733431.808556772, 540248.9280191996 4733429.330153461, 539826.6583897341 4733426.882386419, 539403.5704342871 4733424.455768133, 538980.375967556 4733440.93251118, 538558.1075693375 4733438.562295118, 538080.1914279906 4733435.910869866, 537671.0166746981 4733433.667091222, 537248.7483534523 4733431.376928577, 536880.4911163654 4733429.400768752, 536457.4044909618 4733427.154618594, 536034.3178893962 4733424.934385664, 535571.13219786 4733422.533442605, 535148.0456453316 4733420.367500367, 534724.9591157847 4733418.227475231, 534356.7020002417 4733416.385880767, 533947.5274473674 4733414.362693306, 533525.2593305693 4733412.300180415, 533047.3435037743 4733409.997007785, 532638.1690164568 4733408.0513901515, 532161.0715894335 4733405.813410358, 531847.6439632747 4733404.361113511, 531369.7282315126 4733402.174023717, 531212.2691829051 4733401.464169962)",POINT (536355.718667754 4733426.62100157),536355.718667754,4733426.62100157,2019-03-03,s002,51435.11126235156,61722.13351482187,0.0,3.0,10287.022252470335
s15-r10000m,"LINESTRING (531212.2691829051 4733401.464169962, 530906.5428041318 4733400.085900376, 530592.2968742817 4733398.686908829, 530170.0289234021 4733396.829528362, 529760.8545711467 4733395.054369239, 529337.7683100516 4733393.244345248, 528860.671059902 4733391.234344904, 528451.4967650106 4733389.536754564, 527973.5812105946 4733387.584659831, 527660.1537278432 4733386.3223885335, 527183.0565603265 4733384.428270741, 526719.052990275 4733382.617747108, 526405.6255465815 4733381.412405033, 525982.539430026 4733379.807908367, 525573.435145657 4733359.403408897, 525150.3479059191 4733357.849893479, 524728.0790331446 4733356.325224071, 524318.9037841969 4733354.872458998, 523854.8990698784 4733353.25435315, 523431.811895233 4733351.806106819, 523022.63669255335 4733350.430133667, 522600.367898153 4733349.035545118, 522191.1927238293 4733347.708827264, 521727.1880925588 4733346.233658812, 521413.75992980564 4733345.254843907, 520949.7553269656 4733343.831902407, 520925.82684062386 4733343.760034529)",POINT (526068.80240074 4733380.135048974),526068.80240074,4733380.135048974,2019-03-03,s002,61722.13351482187,72009.15576729218,0.0,3.0,10287.022252470255
s16-r10000m,"LINESTRING (520925.82684062386 4733343.760034529, 520540.58020587155 4733342.602967678, 520117.5448913313 4733323.590769831, 519708.36874301295 4733322.411139137, 519299.19260675187 4733321.255748083, 518849.05038583773 4733337.779782335, 518535.66996786726 4733319.1646045605, 518071.6642678092 4733317.935012542, 517608.47693413624 4733316.738677709, 517308.1416916101 4733315.979562139, 516898.96562103764 4733314.966360409, 516489.78956080193 4733313.977398188, 516066.7015251252 4733312.980300969, 515616.60788168106 4733311.948009118, 515398.9262328371 4733311.459277883, 515248.3494547487 4733311.125222208, 514839.17343367916 4733310.234042, 514375.98618877045 4733309.254476014, 514020.82141852606 4733308.524399855, 513598.5517922533 4733307.680147346, 513134.58212149853 4733287.9048239095, 512725.4050263514 4733287.138864798, 512261.398209862 4733286.299596237, 511947.9685668165 4733285.750321869, 511483.96176628507 4733284.96327936, 511074.7847010146 4733284.2951016845, 510706.5253480734 4733283.714466378, 510640.5306537837 4733283.614384419)",POINT (515783.6118761942 4733312.331033551),515783.6118761942,4733312.331033551,2019-03-03,s002,72009.15576729218,82296.17801976249,0.0,3.0,10287.022252470322
s17-r10000m,"LINESTRING (510640.5306537837 4733283.614384419, 510243.3369249967 4733283.012034084, 509834.1598795019 4733282.417349921, 509424.9828400255 4733281.846905022, 509001.89378726634 4733281.282554463, 508537.88703790784 4733280.693420779, 508224.45743854763 4733280.313108699, 507760.4507002385 4733279.7762008635, 507351.2937782947 4733260.451208772, 506983.03346415167 4733260.06909307, 506573.85534137936 4733259.6675473, 506110.66571123974 4733259.242247204, 505701.4875967417 4733258.89237937, 505278.39743001474 4733258.556105409, 504869.2193223489 4733258.255540045, 504405.2113518483 4733257.944027773, 504105.6929812188 4733257.759500055, 503641.68501622754 4733257.499278899, 503232.5069189779 4733257.295670152, 502809.42399488046 4733239.3436732385, 502400.2448489029 4733239.189366977, 501991.0657043942 4733239.059299844, 501581.88656110404 4733238.953471838, 501172.70741878194 4733238.871882954, 500763.5282771775 4733238.814533194, 500354.34913603927 4733238.781422554)",POINT (505497.47902787966 4733258.730232445),505497.47902787966,4733258.730232445,2019-03-03,s002,82296.17801976249,92583.2002722328,0.0,3.0,10287.022252470297
s18-r10000m,"LINESTRING (500383.1946507467 4714750.31577576, 500765.5687564222 4714750.347387668, 501216.86866713257 4714750.4117744, 501504.05951988284 4714750.468011034, 501887.25417274993 4714750.561534169, 502338.54810640006 4714768.46521882, 502721.74178200145 4714768.604768177, 503063.08775557653 4714768.746876484, 503501.257829487 4714768.9538755, 503938.6073628008 4714769.188043684, 504225.7974894428 4714769.356787632, 504663.1470277986 4714769.636565308, 505101.31711286557 4714769.944476414, 505388.5072455785 4714770.16128275, 505784.8296315874 4714770.479970785, 506168.02332908614 4714770.809598883, 506550.37868923467 4714790.036428906, 506933.57135285606 4714790.408281876, 507370.9197296879 4714790.8585144365, 507754.1124020748 4714791.275624348, 508137.3050789012 4714791.713869262, 508478.6501653856 4714792.12205333, 508861.84285120363 4714792.600260159, 509245.03554209316 4714793.099602008, 509682.3839516648 4714793.6953412, 510065.5766541549 4714794.23994008, 510447.948821269 4714794.804440004, 510499.0236506821 4714794.882656317)",POINT (505441.17457822355 4714770.203633243),505441.17457822355,4714770.203633243,2019-02-02,s003,0.0,10116.670919784518,0.0,1.0,10116.670919784536
s19-r10000m,"LINESTRING (510499.0236506821 4714794.882656317, 510831.14153548836 4714795.391263726, 511214.30378600664 4714814.876066762, 511651.6510423549 4714815.595773885, 511938.8396769331 4714816.083352142, 512376.1869478501 4714816.84866909, 512759.3786543325 4714817.541847438, 513155.69899227633 4714818.2810086375, 513483.9145991447 4714818.91026483, 513881.05549103755 4714819.69239672, 514263.4266884011 4714820.466892243, 514646.61843296984 4714821.264162313, 515083.96576625545 4714822.199935396, 515467.1575290426 4714823.042462824, 515863.4779268505 4714823.936090078, 516246.66970787547 4714824.821612053, 516629.8614982 4714825.728269259, 516971.20579908835 4714826.553711592, 517409.3737351045 4714827.637875336, 517805.69418282603 4714828.642297285, 518133.9098827624 4714829.491231241, 518571.2573147843 4714830.646532219, 518968.3983344596 4714831.719474802, 519350.7696578061 4714832.773965928, 519747.86020027206 4714851.657919752, 520130.2305684993 4714852.755314187, 520527.3706197492 4714853.917377271, 520614.72649488325 4714854.177888207)",POINT (515556.8554799371 4714823.244714674),515556.8554799371,4714823.244714674,2019-02-02,s003,10116.670919784518,20233.341839569035,0.0,1.0,10116.67091978452
s20-r10000m,"LINESTRING (520614.72649488325 4714854.177888207, 520909.74101159064 4714855.057674576, 521347.90795596165 4714856.390242689, 521635.0960367607 4714857.278641048, 522072.4424703375 4714858.654350146, 522468.7620481755 4714859.924784623, 522851.9530402367 4714861.174631883, 523235.1440453763 4714862.445614669, 523576.4876500101 4714863.595595665, 523959.6786804751 4714864.9065413885, 524355.9983259806 4714866.284635921, 524739.1221656512 4714886.515440183, 525122.3121972035 4714887.890517541, 525518.6308102742 4714889.334941017, 525901.8208712998 4714890.753013839, 526284.190411636 4714892.189117958, 526667.3805024915 4714893.649416935, 527063.6991778247 4714895.1819819175, 527487.9160805484 4714896.847481456, 527871.1819491419 4714879.497305504, 528267.5017524088 4714881.098538855, 528650.6929658075 4714882.668227174, 529033.0636576175 4714884.2556222845, 529361.2788569059 4714885.634978693, 529799.4461671906 4714887.500587739, 530181.8169093534 4714889.151209601, 530523.8983632694 4714909.52298566, 530729.8038135864 4714910.433329644)",POINT (525672.5023972263 4714889.904374147),525672.5023972263,4714889.904374147,2019-02-02,s003,20233.341839569035,30350.01275935355,1.0,1.0,10116.670919784467
s21-r10000m,"LINESTRING (530729.8038135864 4714910.433329644, 530907.0886351557 4714911.217136826, 531289.4583887536 4714912.928728426, 531727.6246090134 4714914.9159564, 532110.0816481228 4714897.795831646, 532548.2491036941 4714899.834811135, 532835.437524095 4714901.1862136675, 533258.8353288731 4714903.200220678, 533697.0028489819 4714905.311653947, 533984.1913121474 4714906.710544973, 534421.5383356381 4714908.863662279, 534804.7298388338 4714910.772794494, 535201.0499797928 4714912.76957086, 535584.2415237293 4714914.721699804, 535966.6125493197 4714916.690717092, 536404.780230463 4714918.972935422, 536691.9688002731 4714920.483764367, 537088.2890459952 4714922.588204954, 537471.4806923219 4714924.644431753, 537908.8279294352 4714927.017088519, 538250.9926730889 4714928.8925665235, 538633.3638461197 4714931.008364057, 539016.5555802282 4714933.149815877, 539399.7473366597 4714935.312404305, 539796.0677422944 4714937.571320998, 540179.2595448109 4714939.776906912, 540616.6069620795 4714942.320031641, 540845.9606668258 4714943.667458638)",POINT (535787.7022530065 4714915.769419601),535787.7022530065,4714915.769419601,2019-02-02,s003,30350.01275935355,40466.68367913807,2.0,1.0,10116.67091978459
s22-r10000m,"LINESTRING (540845.9606668258 4714943.667458638, 541012.9274432625 4714944.648369508, 541396.1193195311 4714946.921077038, 541779.197698687 4714968.091826296, 542216.5440398694 4714970.735684338, 542517.6812198905 4714972.572133049, 542900.0516118199 4714974.922783437, 543297.1917014138 4714977.386513158, 543693.5112801532 4714979.867786106, 544130.8577614382 4714982.632161876, 544473.021916986 4714984.814107231, 544869.463493504 4714968.4855471905, 545361.7874270584 4714971.682692854, 545662.9255874984 4714973.655478205, 546059.2464063596 4714976.271709526, 546510.5434393949 4714979.27838757, 546907.684858981 4714981.948516483, 547317.9549508056 4714984.730756621, 547714.2758889691 4714987.441409088, 548110.5968563259 4714990.174672182, 548507.738393518 4714992.93627515, 548918.0086078676 4714995.813013464, 549314.3296653845 4714998.614951352, 549656.4950747069 4715001.052203127, 550052.8161886408 4715003.8962729955, 550504.1135606545 4715007.162395061, 550846.2790493944 4715009.658250885, 550961.5042618603 4715010.504862156)",POINT (545903.2918278151 4714975.242207078),545903.2918278151,4714975.242207078,2019-02-02,s003,40466.68367913807,50583.35459892259,0.0,1.0,10116.670919784483
s23-r10000m,"LINESTRING (550961.5042618603 4715010.504862156, 551242.600255994 4715012.570200389, 551638.9214939452 4715015.5047609275, 552090.2190083571 4715018.87392643, 552487.3608552121 4715021.863044989, 552883.6821932062 4715024.868622275, 553280.0035635545 4715027.896810794, 553690.4114730065 4715013.2888629865, 554032.5780588255 4715015.9416569425, 554428.900537958 4715019.035384057, 554839.1722905684 4715022.26181931, 555290.4712599769 4715025.838885097, 555687.614389328 4715029.010956325, 556083.9370091278 4715032.199108669, 556494.2089084215 4715035.523292828, 556836.3757007476 4715038.314194061, 557287.6748669755 4715042.021013853, 557684.1543657436 4715026.423493699, 558039.4509202499 4715029.382669135, 558436.5953706199 4715032.711894202, 558846.868600851 4715036.175020262, 559298.1691986773 4715040.012446577, 559694.4932170047 4715043.406584971, 560145.7939034732 4715047.299080532, 560446.9345698706 4715049.912746632, 560857.2079917111 4715053.494608749, 561077.3045668331 4715055.429795181)",POINT (556019.4419621046 4715031.680288835),556019.4419621046,4715031.680288835,2019-02-02,s003,50583.35459892259,60700.02551870711,0.0,1.0,10116.670919784547
s24-r10000m,"LINESTRING (561077.3045668331 4715055.429795181, 561308.508801826 4715057.462645072, 561704.8330078922 4715060.971483101, 562115.1065529045 4715064.627640817, 562525.3801386345 4715068.308030756, 562921.5334891952 4715090.763283097, 563331.80604081 4715094.491315673, 563728.9499103114 4715098.123132882, 564139.2225438785 4715101.898854933, 564549.4952194837 4715105.698809534, 564945.9951376604 4715090.515581712, 565356.269011666 4715094.3631757395, 565766.5429285115 4715098.235002504, 566176.8168884626 4715102.13106207, 566587.2718244517 4715087.174352395, 566997.5469863995 4715091.118875757, 567407.8221922608 4715095.087632111, 567804.1480830772 4715098.9444619315, 568214.4233760599 4715102.960860554, 568583.6711779656 4715106.596338697, 569008.0724002164 4715093.030728376, 569418.3488745469 4715097.118225436, 569896.7313010924 4715101.914848411, 570252.8513640183 4715105.50696856, 570663.1279772265 4715109.667989956, 571127.5611592822 4715114.407509169, 571192.1357417591 4715112.100541513)",POINT (566134.5348352238 4715101.729541589),566134.5348352238,4715101.729541589,2019-02-02,s003,60700.02551870711,70816.69643849162,0.0,1.0,10116.670919784483
s25-r10000m,"LINESTRING (571192.1357417591 4715112.100541513, 571538.0322564914 4715099.743170536, 571948.3101306633 4715103.980089678, 572358.5880519942 4715108.241242646, 572755.7371250141 4715112.3891218, 573166.2139485882 4715097.820932871, 573562.5436336446 4715102.006287459, 573972.8228581221 4715106.362774796, 574314.995768406 4715110.014618997, 574725.2750820104 4715114.4155518785, 575176.3781112912 4715138.161613933, 575572.7069499559 4715142.4616811415, 575969.0358348358 4715146.78436291, 576379.3142325175 4715151.283011338, 576776.4637691489 4715155.660786805, 577172.7927958863 4715160.052155465, 577569.1218698157 4715164.466138969, 577925.2436868453 4715168.451616936, 578321.7856712446 4715154.031473084, 578787.0429722134 4715159.29236254, 579128.3958137175 4715163.172024648, 579538.6757188065 4715167.8572794795, 579949.1601389613 4715154.800113634, 580400.4693068472 4715160.00854202, 580810.7504238737 4715164.768924086, 581208.1232578298 4715150.522979678, 581306.5141485946 4715151.676016874)",POINT (576249.1498142853 4715149.855775688),576249.1498142853,4715149.855775688,2019-02-02,s003,70816.69643849162,80933.36735827614,0.0,1.44,10116.670919784512
s26-r10000m,"LINESTRING (581306.5141485946 4715151.676016874, 581618.4055944133 4715155.331054807, 582028.6879844853 4715160.163365574, 582425.020824337 4715164.854391482, 582835.5284042838 4715150.857261652, 583177.7049774479 4715154.945679835, 583587.9886883157 4715159.870084276, 584039.3008335494 4715165.3149217805, 584435.6350087633 4715170.12066377, 584831.9692356108 4715174.949021922, 585229.3420480951 4715162.04337863, 585639.6270850524 4715167.088961657, 585734.8132216377 4715168.263000595, 585980.9842785606 4715171.305357621, 586391.2694185373 4715176.395341893, 586856.5328357858 4715182.196709829, 587198.7107396022 4715186.483214337, 587609.2341040503 4715172.768016189, 588073.6784052142 4715178.640552197, 588470.835781464 4715183.686931215, 588881.1223842246 4715188.92398194, 589291.4090452292 4715194.1852698065, 589701.9395068296 4715180.593664873, 590112.2274002695 4715185.903424588, 590467.5367636911 4715190.5212597875, 590672.6807581859 4715193.195723487, 590877.8247675346 4715195.876246572, 591288.1128309274 4715201.255470932, 591421.6258858443 4715203.013827273)",POINT (586364.0919915709 4715176.058179607),586364.0919915709,4715176.058179607,2019-02-02,s003,80933.36735827614,91050.03827806066,0.0,2.0,10116.670919784596
s27-r10000m,"LINESTRING (591421.6258858443 4715203.013827273, 591698.400954138 4715206.658932963, 592108.6891374313 4715212.0866327565, 592518.9773810778 4715217.538570406, 592984.2443227366 4715223.750395094, 593353.5038559872 4715228.702599776, 593764.0320786914 4715216.461339768, 594228.4798419143 4715222.745424033, 594584.8682302518 4715208.707838972, 594995.1590085373 4715214.306024319, 595459.8676324617 4715201.795251421, 595816.2461478366 4715188.931192664, 596281.4674343644 4715139.831363744, 596667.5271619104 4714940.835238764, 596931.5355712764 4714666.85411832, 597102.1203550779 4714207.210590223, 597149.3642373678 4713763.615997784, 597182.6591275046 4713319.826837866, 597215.9570043414 4712876.038072333, 597235.8747807877 4712449.832693522, 597255.2658265197 4712061.381790718, 597288.570775294 4711617.594061849, 597322.3913905505 4711137.163014676, 597342.5644920189 4710693.192261973, 597361.8652276949 4710268.448391424)",POINT (596454.6176937754 4715050.580327691),596454.6176937754,4715050.580327691,2019-02-02,s003,91050.03827806066,101166.70919784518,0.0,2.0,10116.670919784508
s28-r10000m,"LINESTRING (597361.8652276949 4710268.448391424, 597362.7388995652 4710249.221830425, 597395.7900150443 4709824.312631028, 597428.8595509194 4709398.293388789, 597448.2622542372 4709009.8445408195, 597481.5854170368 4708566.059387849, 597515.4686056613 4708141.163112207, 597534.832674675 4707697.183125426, 597569.4987634176 4707216.767103901, 597575.4719990243 4706790.370182361, 597442.9276932182 4706455.327178065, 597117.1123126196 4706247.533382733, 596776.5381445212 4706095.08151025, 596422.5567087629 4705960.231116524, 596026.4520872474 4705899.229828479, 595848.406538333 4705877.897822756, 595657.197791011 4705857.500286459, 595300.5855281266 4705852.613581096, 594971.6685106548 4705865.892363651, 594601.6539948178 4705879.739121399, 594190.557519381 4705893.049990331, 593861.3917908594 4705925.257991985, 593491.3843823264 4705939.1636176, 593121.1415746545 4705970.85534817, 592751.1392174347 4705984.80021822, 592326.9237784729 4705996.935472854, 591956.9256249085 4706010.922467624, 591628.2607715528 4706006.592377991, 591301.9053893273 4706016.8067327645)",POINT (596349.2256680949 4705948.937918486),596349.2256680949,4705948.937918486,2019-02-02,s003,101166.70919784518,111283.3801176297,0.0,2.0,10116.670919784561
s29-r10000m,"LINESTRING (591301.9053893273 4706016.8067327645, 591203.2144047358 4706019.895588608, 590819.4993382593 4706014.883230283, 590449.521890846 4706027.839799649, 590066.6295655406 4706022.879567826, 589682.9156360374 4706017.929807406, 589313.1699296873 4706013.180228996, 588929.4561040098 4706008.2719754875, 588491.5129795789 4706002.695880456, 588203.9331037917 4705999.049256739, 587820.219429382 4705994.202108851, 587437.327463383 4705989.386410324, 587012.5310720188 4705984.068300448, 586669.900372876 4705979.797713106, 586287.0085607459 4705975.0452468125, 585889.3269898753 4705970.131491187, 585506.4352810023 4705965.421932113, 585108.523228358 4705979.429576855, 584670.5818735904 4705974.093696028, 584286.8697082628 4705969.44117435, 583903.9792460377 4705964.819684626, 583520.2671799852 4705960.209392068, 583136.5551632862 4705955.620236594, 582753.664848696 4705951.061977178, 582383.6978231991 4705965.557018713, 581999.9869911647 4705961.030456995, 581767.459893846 4705958.297665443, 581671.3267881266 4705957.17012198, 581287.6160458676 4705952.682801376, 581186.7201358548 4705951.508326671)",POINT (586244.2159108095 4705974.5165006),586244.2159108095,4705974.5165006,2019-02-02,s003,111283.3801176297,121400.05103741422,0.0,2.0,10116.670919784485
s30-r10000m,"LINESTRING (581186.7201358548 4705951.508326671, 580917.873406054 4705948.378827332, 580493.9019003657 4705943.467758301, 580109.9870268072 4705956.811701311, 579726.2774572195 4705952.410373228, 579343.389582492 4705948.039538422, 578918.5977245921 4705943.214977401, 578631.0210640855 4705939.963538148, 578206.2293018631 4705935.182418568, 577823.3416111501 4705930.895134878, 577439.6323189728 4705926.619764486, 577097.0054308091 4705922.82000528, 576714.1178721435 4705918.593690676, 576330.2019078216 4705933.256203889, 575933.3475177949 4705928.919779272, 575494.5893039376 4705924.151787145, 575111.7029702329 4705920.013535876, 574714.0270824458 4705915.737718298, 574372.2230515147 4705912.0807774905, 573988.3147436588 4705926.872262349, 573591.4617086496 4705922.669241012, 573207.7549881911 4705918.626947696, 572810.9020444457 4705914.468394353, 572372.1454272864 4705909.897054325, 571989.076915586 4705923.6967756655, 571591.4034852292 4705919.5991939735, 571249.6015648849 4705916.09544724, 571071.6079870237 4705914.280137412)",POINT (576129.1701424456 4705931.059531461),576129.1701424456,4705931.059531461,2019-02-02,s003,121400.05103741422,131516.72195719872,0.0,2.0,10116.670919784536
s31-r10000m,"LINESTRING (571071.6079870237 4705914.280137412, 570865.8960835298 4705912.18213565, 570469.0444198871 4705908.156982733, 570085.1491391081 4705923.16341607, 569647.2168083562 4705918.771939853, 569249.5447195743 4705914.808033564, 568866.6621301775 4705911.012996082, 568468.9901274384 4705907.09364848, 568072.1398043989 4705903.205029783, 567675.2895243942 4705899.339018697, 567428.798688805 4705896.949151413, 567332.6672673852 4705896.019467187, 566880.7674565178 4705891.666932006, 566483.9173042027 4705887.868790185, 566086.2455581247 4705884.0854623355, 565634.3458975864 4705879.813781601, 565333.6272442321 4705876.987416497, 564935.9556188225 4705873.26975256, 564484.0560945217 4705869.072689693, 564087.2061922472 4705865.4110804405, 563690.3563304944 4705861.772078187, 563292.6848738111 4705858.148218962, 562895.8350924299 4705854.554477334, 562498.9853508174 4705850.983342529, 562142.3957616348 4705847.793779704, 561731.5783018939 4705844.14179531, 561334.7286755078 4705840.636982881, 560955.6656698737 4705837.312345267)",POINT (566013.7910508558 4705883.400570202),566013.7910508558,4705883.400570202,2019-02-02,s003,131516.72195719872,141633.39287698324,0.0,2.0,10116.67091978457
s32-r10000m,"LINESTRING (560955.6656698737 4705837.312345267, 560882.8295622391 4705836.673523596, 560472.0122298701 4705833.095815976, 560129.2276981075 4705849.007237475, 559732.379302072 4705845.593691771, 559335.5309438059 4705842.202752451, 558924.7148774597 4705838.716277133, 558527.0449632725 4705835.36444421, 558116.2289752433 4705831.925644834, 557664.3314338848 4705828.17094596, 557253.5155282362 4705824.7830200475, 556801.6180768211 4705821.08428184, 556500.9008895316 4705818.63918305, 556103.2311979344 4705815.42570626, 555706.3831734466 4705812.241498183, 555309.5351841878 4705809.07989595, 554857.6379305064 4705805.507254748, 554515.0176790813 4705802.818080106, 554118.1697940722 4705799.724341899, 553720.5003121622 4705796.646874333, 553323.6524954233 4705793.598394162, 552926.8047124066 4705790.572519534, 552529.1353319451 4705787.5630559, 552091.2060734525 4705784.275177714, 551694.3583935688 4705781.319506321, 551310.6568376893 4705778.483239868, 550954.8907541018 4705775.872348813, 550839.6774383968 4705775.033052805)",POINT (555897.8643987633 4705813.777895058),555897.8643987633,4705813.777895058,2019-02-02,s003,141633.39287698324,151750.06379676776,0.0,2.0,10116.670919784405
s33-r10000m,"LINESTRING (550839.6774383968 4705775.033052805, 550557.2215365812 4705772.975442452, 550119.2924560785 4705769.811516525, 549763.399567168 4705785.02773069, 549324.6500448541 4705781.90787704, 548913.8359199577 4705779.011713713, 548516.9895067905 4705776.237022778, 548120.1431243083 4705773.48493683, 547709.3290958246 4705770.65979894, 547366.7102208108 4705768.322160025, 546955.8962514189 4705765.541449156, 546504.0009218366 4705762.510645968, 546148.2360801251 4705760.14519863, 545750.4442980052 4705776.399290203, 545298.5502937069 4705773.4466658225, 544901.705226038 4705770.877897237, 544435.8436610783 4705767.891229593, 544135.1288090538 4705765.979871499, 543737.4621987306 4705763.472214486, 543326.6496139279 4705760.9054958355, 542929.8046848972 4705758.449047861, 542477.910906421 4705755.679375654, 542067.098410775 4705753.186926566, 541670.2535670606 4705750.802222863, 541327.6359902801 4705748.761561433, 540875.7423336493 4705746.095808026, 540723.8650634488 4705745.209276101)",POINT (545782.0772514094 4705775.106742332),545782.0772514094,4705775.106742332,2019-02-02,s003,151750.06379676776,161866.73471655228,0.0,2.0,10116.67091978454
s34-r10000m,"LINESTRING (540723.8650634488 4705745.209276101, 540464.9299476326 4705743.697830401, 540054.1175890443 4705741.324076125, 539657.272876432 4705739.054031415, 539300.6877937495 4705737.033561752, 538889.8755113817 4705734.728456222, 538437.9820312145 4705732.220817928, 538027.1698038835 4705729.966581061, 537671.4064358535 4705728.033983676, 537274.5618700838 4705725.899656553, 536863.8495873153 4705704.837401614, 536453.03634422 4705702.675988639, 536042.2231258382 4705700.538798615, 535644.555953721 4705698.493071291, 535233.7427831617 4705696.403551928, 534836.897283085 4705694.408077704, 534371.0352024012 4705692.094406579, 534371.0352024012 4705692.094406579, 534015.271058695 4705690.348505902, 533604.4579812319 4705688.355054127, 533207.612570037 4705686.452381056, 532741.6618881926 4705703.124257195, 532330.8499934642 4705701.205894673, 531975.0869103478 4705699.5641640695, 531509.2262694817 4705697.441837434, 531098.4144396731 4705695.59614265, 530687.6026309462 4705693.774670379, 530608.1544108547 4705693.427094432)",POINT (535666.1396141475 4705698.604104554),535666.1396141475,4705698.604104554,2019-02-02,s003,161866.73471655228,171983.4056363368,0.0,2.0,10116.670919784618
s35-r10000m,"LINESTRING (530608.1544108547 4705693.427094432, 530276.7908430229 4705691.977420592, 529865.9790756276 4705690.204393255, 529455.1673284792 4705688.455588338, 529044.355601299 4705686.731005811, 528688.5926614818 4705685.257088479, 528277.780970822 4705683.577704852, 527811.9205367932 4705681.702592276, 527456.157646735 4705680.291604489, 527058.5652916062 4705659.85933342, 526647.7525623823 4705658.276064572, 526236.9398512241 4705656.717017905, 525840.0947891416 4705655.233979648, 525388.2008460028 4705653.572743332, 524977.3881885061 4705652.0879617045, 524566.5755479452 4705650.627402152, 524155.76292404154 4705649.1910646465, 523799.99920498487 4705647.96676723, 523402.3326141656 4705646.619769306, 522991.5200359556 4705645.252076953, 522526.48021621903 4705643.73307813, 522128.8136721257 4705642.458765446, 521773.0500196022 4705641.33796466, 521362.23750158236 4705640.066336444, 520951.42499804654 4705638.818930093, 520540.6125087193 4705637.595745586, 520492.0740155093 4705637.454085228)",POINT (525550.3817467907 4705654.168946946),525550.3817467907,4705654.168946946,2019-02-02,s003,171983.4056363368,182100.07655612132,0.0,2.0,10116.670919784443
s36-r10000m,"LINESTRING (520492.0740155093 4705637.454085228, 520129.8000333191 4705636.396782901, 519732.95519504667 4705635.261585439, 519322.142746217 4705634.110242795, 518856.281445082 4705632.833928036, 518500.5178875851 4705631.880222776, 518102.85147416557 4705630.835687892, 517692.0841868843 4705612.0142663885, 517227.0433804947 4705610.848974294, 516884.42498680076 4705610.0103038205, 516473.611575592 4705609.026914974, 516062.79817555257 4705608.06774775, 515610.90344808047 4705607.04063976, 515200.0900705964 4705606.13233789, 514789.31676971575 4705586.371684097, 514392.46999142796 4705585.540663227, 513940.5740852022 4705584.621889095, 513625.0685865676 4705583.997792084, 513228.2218342915 4705583.233081103, 512817.4073997563 4705582.465264553, 512406.5929739129 4705581.721669481, 512009.74624654197 4705581.026356809, 511543.8827067003 4705580.238960677, 511091.98686638917 4705579.50493342, 510790.4491016667 4705579.031439962, 510379.63471463515 4705578.407353473, 510376.3324996148 4705578.402541362)",POINT (515434.1850904986 4705606.64991827),515434.1850904986,4705606.64991827,2019-02-02,s003,182100.07655612132,192216.74747590584,1.0,1.28,10116.670919784607
s37-r10000m,"LINESTRING (510376.3324996148 4705578.402541362, 509927.7388970222 4705577.748834059, 509516.92452445306 4705577.17561251, 509161.15928303363 4705576.698772997, 508764.3126104498 4705576.188303612, 508298.4491323017 4705575.617897325, 507901.60247145564 4705575.156563397, 507503.93418692925 4705574.716946866, 507148.16896949045 4705574.342888265, 506682.32361788454 4705555.003970851, 506285.4759007257 4705554.634684114, 505874.6604627212 4705554.276209253, 505518.89429663814 4705553.985340302, 505121.2249595727 4705553.68171214, 504710.40953213436 4705553.391880434, 504258.51256563334 4705553.101041145, 503847.69714458357 4705552.862074134, 503450.8494503305 4705552.654231996, 503040.034034148 4705552.4628840145, 502629.22532386106 4705534.529579089, 502232.3766236555 4705534.391134739, 501875.78793772706 4705534.286014519, 501478.9392399899 4705534.190481605, 501068.12278368935 4705534.115395737, 500671.27408759284 4705534.065862753, 500260.45763245 4705534.038395859)",POINT (505318.40136761323 4705553.832260108),505318.40136761323,4705553.832260108,2019-02-02,s003,192216.74747590584,202333.41839569036,3.0,1.0,10116.670919784605
s38-r10000m,"LINESTRING (656499.2989985842 4751214.730384919, 656509.4180202181 4750770.526667734, 656519.536275188 4750326.323227326, 656529.6537634451 4749882.120063693, 656539.7704849413 4749437.917176832, 656551.1508800457 4748938.189259941, 656560.83609621 4748512.865553274, 656570.9504538622 4748068.663519542, 656579.7998876642 4747679.986967055, 656591.1768682442 4747180.260282352, 656601.2889248775 4746736.059078887, 656611.4002144081 4746291.85815217, 656620.2469634453 4745903.182568313, 656630.3568145281 4745458.982160492, 656640.4658983694 4745014.782029411, 656650.574214921 4744570.582175068, 656660.6817641346 4744126.382597456, 656670.384289423 4743699.951263297, 656680.4903345141 4743255.752228075, 656690.5956121244 4742811.553469575, 656700.7001222057 4742367.354987796, 656712.06677855 4741867.632026558, 656722.1696574719 4741423.4341327995, 656729.7740844131 4741089.061619443)",POINT (656614.5859048066 4746151.897125762),656614.5859048066,4746151.897125762,2019-02-05,s004,0.0,10128.291402124234,0.0,0.0,10128.291402124301
s39-r10000m,"LINESTRING (656729.7740844131 4741089.061619443, 656732.2717687142 4740979.236515749, 656741.110486276 4740590.563827817, 656752.4736879668 4740090.842111768, 656763.4066957462 4739609.999102262, 656770.9810002546 4739276.85171076, 656781.0794010053 4738832.6554308655, 656791.1770337952 4738388.45942766, 656801.2738985759 4737944.263701144, 656812.6319533836 4737444.543839536, 656821.4653239176 4737055.87307816, 656831.5598843822 4736611.678181685, 656842.9153466611 4736111.9592538625, 656851.7467006578 4735723.2892187545, 656820.4919500975 4735297.0438733455, 656528.9517009549 4734938.22362671, 656176.2761647928 4734819.132692981, 656081.7665455197 4734798.107950984, 656000.3260597764 4734778.490814992, 655863.6497744841 4734775.4044835875, 655454.8643905987 4734747.301944137, 655141.4084521949 4734740.2525290325, 654773.1182559186 4734731.988120796, 654404.8281359407 4734723.743370228, 654036.1169847017 4734734.396475931, 653667.4326351525 4734743.958749704, 653243.8917790602 4734753.434063979, 652876.0228744311 4734726.39267082, 652684.7595599684 4734714.363178284)",POINT (656844.8634247165 4736026.223865326),656844.8634247165,4736026.223865326,2019-02-05,s004,10128.291402124234,20256.582804248468,0.0,0.0,10128.29140212416
s40-r10000m,"LINESTRING (652684.7595599684 4734714.363178284, 652440.1987028738 4734698.981540602, 652166.8466878571 4734692.952623836, 651785.4634066067 4734684.559115421, 651403.2617868123 4734676.168742508, 650966.6561839336 4734684.386133901, 650598.3687977664 4734676.344498521, 650256.6784474909 4734687.788290365, 649888.3922117983 4734679.784522431, 649465.2723388979 4734670.613346327, 649137.9069333966 4734663.535460918, 648769.6209216558 4734655.591403806, 648400.9292857532 4734666.545144286, 647991.7238928644 4734657.763302883, 647623.4391163017 4734649.880393246, 647255.1544125341 4734642.017139138, 646873.7752180559 4734633.895018795, 646505.4906619154 4734626.071774273, 646123.2932100478 4734617.973767976, 645795.9292872953 4734611.054404729, 645427.644942104 4734603.288684119, 645045.447708599 4734595.250374523, 644582.2280384896 4734585.536386731, 644308.8793815179 4734579.818692305, 643940.5953248381 4734572.132333083, 643571.9419375609 4734582.233246041, 643203.6589709125 4734574.586192201, 642849.2889830233 4734567.2465815935, 642559.4249759947 4734561.258176396)",POINT (647622.3947095351 4734649.858094096),647622.3947095351,4734649.858094096,2019-02-05,s004,20256.582804248468,30384.874206372704,0.0,0.0,10128.291402124234
s41-r10000m,"LINESTRING (642559.4249759947 4734561.258176396, 642481.0061548082 4734559.638093649, 642126.636299791 4734552.335591809, 641771.4481037805 4734545.034485176, 641417.0783785788 4734537.7684193095, 641021.7884379885 4734529.684785839, 640653.5059567725 4734522.173824566, 640298.3180295121 4734514.948537448, 639930.0356844403 4734507.476184319, 639561.7534084093 4734500.023484502, 639193.4712012354 4734492.590437897, 638825.1890627416 4734485.177044395, 638470.8198697031 4734478.062265785, 638143.4580847773 4734471.505890797, 637775.1761411075 4734464.148529921, 637365.9740612046 4734455.996733974, 637011.6051276354 4734448.95688223, 636697.3380426252 4734442.728911629, 636288.1361826229 4734434.641022719, 635933.7674389632 4734427.6565141715, 635620.3189253293 4734421.4936959585, 635252.0374438387 4734414.270975954, 634896.8504782611 4734407.323680106, 634542.4819775464 4734400.410608018, 634133.2805520461 4734392.450481777, 633778.9121836148 4734385.576615116, 633464.6455985656 4734379.495845386, 633110.2773453584 4734372.656309398, 632755.9091529886 4734365.83496812, 632433.141442189 4734359.639461101)",POINT (637496.3201515827 4734458.593384341),637496.3201515827,4734458.593384341,2019-02-05,s004,30384.874206372704,40513.165608496936,0.0,0.0,10128.29140212416
s42-r10000m,"LINESTRING (632433.141442189 4734359.639461101, 632359.8025155434 4734358.231724764, 632046.3545481744 4734352.231220766, 631650.7065655174 4734363.562282623, 631295.8801025602 4734337.922321034, 630941.5122191637 4734331.194136981, 630600.238817601 4734324.731767575, 630286.4349631186 4734337.689142034, 629891.1482754437 4734330.242991269, 629535.9631988166 4734323.571556996, 629208.6037338708 4734317.438955842, 628813.317247116 4734310.054532998, 628445.0379775681 4734303.195006771, 628076.7587714394 4734296.355130764, 627749.7487419522 4734271.413790493, 627381.1204433743 4734283.488978203, 627012.8414194488 4734276.705868969, 626644.5624582419 4734269.942409587, 626276.2835595753 4734263.198599964, 625867.0848564067 4734255.728524063, 625498.8060891762 4734249.026196957, 625130.5273839218 4734242.343519321, 624748.3359929228 4734235.429161834, 624380.0574134083 4734228.78652516, 624052.698727639 4734222.898454845, 623684.4202640093 4734216.292933226, 623262.1277008881 4734208.742784895, 622893.8493681754 4734202.1794430455, 622525.5710961639 4734195.6357500125, 622308.7637223273 4734191.794585753)",POINT (627372.0821174553 4734283.3225067295),627372.0821174553,4734283.3225067295,2019-02-05,s004,40513.165608496936,50641.45701062117,0.0,0.0,10128.291402124294
s43-r10000m,"LINESTRING (622308.7637223273 4734191.794585753, 622184.2999514653 4734189.589468004, 621816.0217958995 4734183.083631437, 621448.0756776651 4734157.719550507, 621038.8767451707 4734150.535722834, 620670.267918145 4734162.968904304, 620315.9027287452 4734156.78621191, 619947.6248765988 4734150.380058069, 619579.34708371 4734143.993552325, 619183.2439235181 4734137.146441454, 618911.0434806565 4734113.570842652, 618542.7648465009 4734107.23965975, 618188.3990160477 4734101.166203269, 617779.2006647672 4734094.175605271, 617410.9222100541 4734087.904806177, 617055.7381553617 4734081.875580868, 616687.459814454 4734075.64337808, 616374.0140719572 4734070.354558227, 616005.7358376499 4734064.158724729, 615651.3703907616 4734058.215503887, 615283.0922687775 4734052.058222387, 614886.9887522772 4734045.457653781, 614518.7107483468 4734039.341150594, 614164.3455224432 4734033.474262814, 613755.1478669856 4734026.722195722, 613482.6222669756 4734022.238775242, 613127.4387983397 4734016.411666444, 612759.1610632008 4734010.389030575, 612404.7960951201 4734004.612463634, 612183.8800984337 4734001.023488978)",POINT (617247.3272429269 4734085.127792673),617247.3272429269,4734085.127792673,2019-02-05,s004,50641.45701062117,60769.7484127454,0.0,0.0,10128.291402124209
s44-r10000m,"LINESTRING (612183.8800984337 4734001.023488978, 611995.5987363827 4733997.9646926625, 611627.3211719645 4733992.00243648, 611259.3298864492 4733968.292475052, 610904.9642230363 4733962.59291298, 610536.6858737426 4733956.68885546, 610181.5019175288 4733951.01333052, 609854.1434774146 4733945.798614293, 609499.7780143566 4733940.171180284, 609131.4998726088 4733934.3420823375, 608777.134511602 4733928.751741114, 608421.9508048126 4733923.166741451, 608053.6728204731 4733917.395139361, 607658.3878433956 4733911.222145613, 607290.1099696325 4733905.491274795, 606976.664621095 4733900.629142476, 606621.481165407 4733895.136771495, 606267.1161536516 4733889.675265537, 605912.751190551 4733884.231948293, 605503.8422071175 4733859.091223154, 605148.6579825949 4733853.674640493, 604780.3794598602 4733848.077663626, 604426.0137302432 4733842.710673572, 604016.8154876288 4733836.535853097, 603744.289493301 4733832.43687739, 603389.1055068221 4733827.110814973, 603034.7399640317 4733821.8152337335, 602666.461736304 4733816.331016056, 602341.2917208518 4733663.782074414, 602255.4711089598 4733429.925439972)",POINT (607121.0877153737 4733902.869418804),607121.0877153737,4733902.869418804,2019-02-05,s004,60769.7484127454,70898.03981486964,0.0,0.0,10128.291402124105
s45-r10000m,"LINESTRING (602255.4711089598 4733429.925439972, 602183.9169155762 4733234.944042427, 602244.2266680984 4732865.974161295, 602304.2824069283 4732459.237373773, 602322.3086865227 4732181.830157628, 602339.2341091685 4731978.823395063, 602357.8084897182 4731609.236793797, 602378.5841483588 4731146.384645195, 602384.8829543075 4730721.082006104, 602391.1977444789 4730294.6691892315, 602397.4956293133 4729869.367094661, 602389.8715263731 4729443.859158041, 602395.6251684006 4729055.202379758, 602401.9372937301 4728628.790632804, 602408.232520617 4728203.489605359, 602414.5272874606 4727778.188849805, 602421.9226397804 4727278.488570569, 602428.2328381729 4726852.077962415, 602434.5261430258 4726426.778070791, 602441.0982939209 4725982.600928532, 602461.3200091221 4725557.507686, 602481.0007241324 4725169.059295364, 602677.6871963512 4724783.232852275, 603076.5296745866 4724584.790564213, 603555.9419132953 4724536.406802117, 603978.802243275 4724542.741415681, 604037.1060128504 4724543.618392817)",POINT (602405.4666992434 4728390.346519821),602405.4666992434,4728390.346519821,2019-02-05,s004,70898.03981486964,81026.33121699387,0.0,0.0,10128.291402124321
s46-r10000m,"LINESTRING (604037.1060128504 4724543.618392817, 604402.4821403113 4724549.114204014, 604770.9702730847 4724573.559718418, 605194.6491474261 4724579.980997625, 605617.2207594949 4724605.293210115, 606108.91654384 4724612.80790365, 606477.6884455208 4724618.466837429, 606915.2978396668 4724625.207587334, 607338.1564286562 4724631.747395485, 607775.4895285591 4724656.309607047, 608212.2785379427 4724663.11959729, 608635.955756452 4724669.751485902, 609072.7449193835 4724676.615757415, 609509.5341607233 4724683.507583333, 610001.2294609332 4724691.298704139, 610438.8383623785 4724698.262169049, 610875.6278509562 4724705.240174442, 611312.4174192299 4724712.245734797, 611695.1205401083 4724718.406463121, 612131.604656111 4724744.341278115, 612569.2127553225 4724751.439413804, 613006.0014446847 4724758.551838465, 613483.7647757743 4724766.363024283, 613921.3731269039 4724773.546623653, 614161.3149357131 4724777.500560867)",POINT (609098.5396734371 4724677.022756805),609098.5396734371,4724677.022756805,2019-02-05,s004,81026.33121699387,91154.6226191181,0.0,0.0,10128.291402124232
s47-r10000m,"LINESTRING (614161.3149357131 4724777.500560867, 614358.1620686806 4724780.744352385, 614794.951092632 4724787.969637205, 615232.5596909065 4724795.236111732, 615669.3488803012 4724802.516560852, 616161.0441272912 4724810.745158542, 616488.8410173475 4724816.250290352, 616980.5364408578 4724824.537088244, 617417.0059489936 4724850.805416038, 617854.6138567681 4724858.237648403, 618236.4964824192 4724864.746055675, 618715.079092095 4724872.932255587, 619151.8677618462 4724880.432440701, 619588.6565171876 4724887.960183498, 620080.3512789023 4724896.467162139, 620408.1478474056 4724902.157882178, 620899.8427915301 4724910.723063815, 621337.4513843362 4724918.375446684, 621774.2405726233 4724926.041083521, 622211.0298483702 4724933.734278937, 622648.6387042073 4724941.469544443, 623140.3341533412 4724950.193856098, 623468.1311816595 4724956.029465553, 623959.8268178094 4724964.811982428, 624287.3781200185 4724970.685866955)",POINT (619224.0148362666 4724881.675844093),619224.0148362666,4724881.675844093,2019-02-05,s004,91154.6226191181,101282.91402124234,0.0,0.0,10128.291402124212
s48-r10000m,"LINESTRING (624287.3781200185 4724970.685866955, 624451.5225667611 4724973.629422726, 624779.3197956173 4724979.527118267, 625271.0157335586 4724988.402764755, 625748.7803957735 4724997.060388347, 626076.5778251053 4725003.019511331, 626568.2740647371 4725011.98729947, 626950.9777175912 4725018.991398088, 627387.7680535801 4725027.0112233525, 627879.4646012807 4725036.072144235, 628248.2370883793 4725042.8907545395, 628685.0276969041 4725050.992434585, 629122.6378926443 4725059.136953412, 629614.334852806 4725068.321103013, 630037.1943328287 4725076.24740547, 630419.8986275593 4725083.443284813, 630856.6896984559 4725091.681995897, 631294.3003589868 4725099.963803656, 631785.9978432346 4725109.302211444, 632167.8829720084 4725116.57913898, 632605.4939168931 4725124.943840106, 633042.2854608841 4725133.3204653235, 633479.0771003555 4725141.72465317, 633916.6883323974 4725150.17224914, 634408.3864610277 4725159.69693699, 634413.9028294486 4725159.804164558)",POINT (629350.6749990685 4725063.396338907),629350.6749990685,4725063.396338907,2019-02-05,s004,101282.91402124234,111411.20542336657,0.0,0.0,10128.291402124189
s49-r10000m,"LINESTRING (634413.9028294486 4725159.804164558, 634845.1784011264 4725168.187330231, 635281.9704379884 4725176.705286786, 635719.5820694505 4725185.266865598, 636156.3743009514 4725193.840000996, 636607.0980944134 4725202.715472543, 637043.8905247437 4725211.344614896, 637426.5961683334 4725218.927888736, 637863.3887833909 4725227.608746348, 638314.1129739187 4725236.595376595, 638751.7252890806 4725245.348660282, 639243.4246388143 4725255.21681971, 639694.1491539215 4725264.2933180975, 640130.9422858173 4725273.11727496, 640513.6485459027 4725280.871240929, 640950.4418666421 4725289.74691532, 641387.2352884797 4725298.6501554055, 641825.2348905556 4725288.719918227, 642262.029707095 4725297.678337537, 642698.8246256706 4725306.664323052, 643190.526345036 4725316.812860952, 643641.2530354329 4725326.146374674, 644078.8677816028 4725335.236452831, 644460.7563901476 4725343.191602392, 644540.11905186 4725344.849510079)",POINT (639477.0586659118 4725259.921642277),639477.0586659118,4725259.921642277,2019-02-05,s004,111411.20542336657,121539.4968254908,0.0,0.0,10128.29140212434
s50-r10000m,"LINESTRING (644540.11905186 4725344.849510079, 644898.3713307951 4725352.333498068, 645335.1668718123 4725361.485867225, 645771.9625170481 4725370.665803834, 646209.5777711298 4725379.890608854, 646646.3736259271 4725389.125732631, 647083.1695858717 4725398.388424404, 647520.7851561839 4725407.696140393, 648025.60025308 4725418.467503152, 648463.2160524124 4725427.834812413, 648900.0124530355 4725437.212174511, 649323.696868571 4725446.334379787, 649774.4250807725 4725456.067328605, 650156.3148918359 4725464.336763862, 650593.9312142705 4725473.838808893, 651031.1398259366 4725464.4727354525, 651522.8451514981 4725475.213235748, 651959.6434977939 4725484.783683029, 652342.3543334991 4725493.191707445, 652834.0600270596 4725504.025373625, 653325.7658594303 4725514.893977501, 653653.5698250108 4725522.159123384, 654090.3687055492 4725531.864061337, 654527.9872069231 4725541.614856216, 654666.0619259244 4725539.085984721)",POINT (649603.1231250948 4725452.368263133),649603.1231250948,4725452.368263133,2019-02-05,s004,121539.4968254908,131667.78822761503,0.0,0.391304347826087,10128.2914021241
s51-r10000m,"LINESTRING (654666.0619259244 4725539.085984721, 654965.1838777384 4725533.607494647, 655401.9842122167 4725543.39519381, 655839.6041711937 4725553.228905734, 656276.8307216342 4725544.193824157, 656714.4618192241 4725517.418794954, 657062.9254738747 4725228.664979184, 657168.8919687157 4724786.652523522, 657159.5688839793 4724583.120695532, 657137.5584993192 4724360.413535602, 657134.5539952152 4723878.154628386, 657158.5626953646 4723434.283959421, 657194.4302733362 4723046.2343593305, 657219.7011219386 4722546.841019425, 657228.515788695 4722158.178360827, 657224.6494508602 4721713.676631942, 657236.3826965593 4721196.200718715, 657246.453318421 4720752.015684816, 657269.634711716 4720344.792240603, 657294.0865383095 4719845.382199036, 657318.5287213454 4719382.636304334, 657328.5988240653 4718938.45238902, 657337.4095318264 4718549.791689931, 657349.1394441322 4718032.318059126, 657358.4395567995 4717622.003089016)",POINT (657212.7981291154 4722683.255458671),657212.7981291154,4722683.255458671,2019-02-05,s004,131667.78822761503,141796.07962973928,0.0,1.0,10128.291402124121
s52-r10000m,"LINESTRING (657358.4395567995 4717622.003089016, 657359.2072041247 4717588.134984342, 657368.0158618792 4717199.4750207085, 657268.5455380793 4716770.587449725, 656945.341908754 4716541.071149093, 656549.8320375754 4716458.81745617, 656468.198233362 4716438.090563474, 656196.613934088 4716357.539399295, 655896.6993303869 4716295.250458581, 655542.6193866874 4716231.761538288, 655132.7089660715 4716204.81806069, 654722.4007705091 4716195.666104855, 654449.1355683347 4716189.584359531, 654038.4335154209 4716198.240064337, 653723.3178253849 4716191.258863598, 653353.6249095338 4716201.973670381, 652998.3002600104 4716194.137702968, 652629.0252994859 4716186.013364409, 652273.2869466178 4716197.092176308, 651862.9827317001 4716188.109178079, 651493.7090230744 4716180.045218518, 651137.178516854 4716190.053808743, 650822.886493725 4716183.222084309, 650412.5836784197 4716174.324801663, 650084.3414969124 4716167.224439456, 649729.0194061338 4716159.5557946, 649318.7168521171 4716150.723176558, 648990.4748791319 4716143.674545741, 648620.7988075383 4716154.641034595, 648264.6573817591 4716147.0297725005, 648113.9911115088 4716143.817687084)",POINT (653176.7256412872 4716198.072514345),653176.7256412872,4716198.072514345,2019-02-05,s004,141796.07962973928,151924.37103186353,5.0,1.0344827586206897,10128.291402124432
s53-r10000m,"LINESTRING (648113.9911115088 4716143.817687084, 647895.3863952017 4716139.157207867, 647526.115486888 4716131.3042893745, 647115.81456918 4716122.601866019, 646760.4940520962 4716115.085164268, 646391.2233830397 4716107.29262423, 646035.9030123792 4716099.813015497, 645666.2366020118 4716110.936636784, 645351.1266785812 4716104.335429286, 644981.8573083179 4716096.617843978, 644626.5381866877 4716089.210357973, 644257.2689667685 4716081.531320993, 643901.9499894446 4716074.160926842, 643532.6809191271 4716066.520437773, 643163.4119247608 4716058.899593575, 642807.2725664091 4716051.568322186, 642396.9738535963 4716043.144808978, 642068.7349503441 4716036.423460232, 641658.4364048037 4716028.043601457, 641303.117939159 4716020.806239056, 640974.8792333525 4716014.136615553, 640619.560900761 4716006.934242983, 640209.2626809472 4715998.640042548, 639881.0241710751 4715992.022143468, 639511.399064077 4716002.362663889, 639101.1021411878 4715994.133938913, 638744.9644858207 4715987.011066524, 638375.6974037697 4715979.644894059, 638047.4600589991 4715973.113675971, 637988.0035634125 4715971.933606306)",POINT (643051.0433206421 4716056.586440835),643051.0433206421,4716056.586440835,2019-02-05,s004,151924.37103186353,162052.66243398777,3.0,2.0,10128.291402124147
s54-r10000m,"LINESTRING (637988.0035634125 4715971.933606306, 637678.1931151407 4715965.784607644, 637322.8763246327 4715958.750959354, 636898.6298060952 4715950.376637306, 636543.3131630293 4715943.382891108, 636174.0465148245 4715936.133835524, 635804.7799387126 4715928.904422745, 635476.5430425329 4715922.494768225, 635121.2266662931 4715915.573810723, 634751.9602946582 4715908.400401205, 634382.6939943702 4715901.246634103, 634013.4277652341 4715894.112509317, 633644.1616070552 4715886.998026748, 633233.8659587329 4715879.116083161, 632918.7589599665 4715873.079213695, 632549.4930110017 4715866.022958798, 632126.0681425623 4715857.9559607925, 631810.9613234467 4715851.969374374, 631441.3383709693 4715863.84951343, 631017.9148939764 4715855.8500785185, 630702.8091098536 4715849.9137713695, 630333.5445832156 4715842.975362401, 629910.4743941149 4715816.166039573, 629595.3679298311 4715810.28001699, 629171.9436971351 4715802.393195863, 628802.6784513672 4715795.536235453, 628446.542701189 4715788.94168382, 628077.2775892557 4715782.12330665, 627862.4657547461 4715778.167656193)",POINT (632924.8206413584 4715873.195344341),632924.8206413584,4715873.195344341,2019-02-05,s004,162052.66243398777,172180.95383611202,0.0,2.0,10128.291402124416
s55-r10000m,"LINESTRING (627862.4657547461 4715778.167656193, 627749.0419911646 4715776.079015391, 627393.7270164903 4715769.553561791, 627024.4620974695 4715762.791182037, 626655.1972457358 4715756.048442661, 626285.9324610973 4715749.325343566, 625916.667743358 4715742.621884659, 625506.3736907642 4715735.19663166, 625178.1385078044 4715729.2738870345, 624822.8239813087 4715722.880007085, 624398.580158033 4715715.269561472, 624084.2951380984 4715709.648364736, 623674.0014500452 4715702.331397411, 623304.7371999706 4715695.766857437, 622976.5023658704 4715689.948198225, 622566.2088956274 4715682.696695711, 622196.9448409703 4715676.191073776, 621868.7101800833 4715670.424785926, 621499.4462475694 4715663.956260114, 621130.1823794378 4715657.507373293, 620719.8892679012 4715650.36497677, 620391.6548355495 4715644.66851627, 620022.3911594041 4715638.278545886, 619653.1275468641 4715631.908214136, 619283.8639977372 4715625.55752093, 618914.600511827 4715619.226466178, 618504.3078236146 4715612.214993546, 618135.0444705272 4715605.925397463, 617766.0823829472 4715581.888528232, 617736.486342567 4715581.387603246)",POINT (622799.1442197043 4715686.8135808455),622799.1442197043,4715686.8135808455,2019-02-05,s004,172180.95383611202,182309.24523823627,0.0,2.0,10128.291402124243
s56-r10000m,"LINESTRING (617736.486342567 4715581.387603246, 617382.8682313729 4715575.402473294, 617013.6041230203 4715569.1725363545, 616603.310742034 4715562.273416307, 616316.1054207641 4715557.458457584, 615905.8121693447 4715550.600552618, 615536.5483079335 4715544.449166775, 615167.2845077704 4715538.317418492, 614839.0500699999 4715532.883461355, 614469.7863849993 4715526.7888060035, 614100.5227606872 4715520.713787963, 613731.2591968668 4715514.658407147, 613361.995693346 4715508.622663474, 612978.7822987969 4715502.37966665, 612568.4896566555 4715495.7189590195, 612199.2263417358 4715489.745049971, 611816.8337272075 4715483.579431766, 611501.7291312697 4715478.5145764025, 611132.465987684 4715472.597395636, 610709.3451639307 4715446.959245881, 610340.081142764 4715441.0842211405, 609970.8171801139 4715435.228832765, 609601.5532757838 4715429.393080672, 609273.3187429617 4715424.222230194, 608904.0549482622 4715418.423568635, 608493.7619107752 4715412.003641278, 608165.5275319449 4715406.885153582, 607796.2639099378 4715401.145399924, 607610.249793246 4715398.264477294)",POINT (612673.0369903932 4715497.416184736),612673.0369903932,4715497.416184736,2019-02-05,s004,182309.24523823627,192437.53664036051,0.0,2.0,10128.291402124158
s57-r10000m,"LINESTRING (607610.249793246 4715398.264477294, 607385.9710636453 4715394.790925506, 607058.0277513207 4715370.847546069, 606689.0361523174 4715347.399878526, 606278.7413302303 4715341.110862474, 605963.9228906971 4715317.420111586, 605594.6566545188 4715311.797481857, 605225.104545362 4715325.071725982, 604814.8099704081 4715318.869202418, 604459.4949239774 4715313.517403147, 604090.2299185502 4715307.974751234, 603775.9444129986 4715303.272806085, 603406.960495677 4715278.88927605, 603054.6618964046 4715014.868424373, 602951.5574638329 4714605.7247717045, 602903.1497561933 4714160.741022766, 602868.6876776535 4713715.96451988, 602870.0517225297 4713623.799490446, 602847.894613778 4713290.272171824, 602772.3782099051 4712844.889837072, 602696.588410547 4712417.2755153645, 602689.4539186184 4711955.134908515, 602710.7897813364 4711455.652601883, 602729.9460165631 4711103.856228557, 602737.3251047553 4710604.168457618, 602744.9822848731 4710085.6039897585, 602749.9008822889 4709752.479277062, 602747.619132133 4709565.659028021)",POINT (602952.8188907347 4714610.7304227445),602952.8188907347,4714610.7304227445,2019-02-05,s004,192437.53664036051,202565.82804248476,0.0,2.0,10128.291402124221
s58-r10000m,"LINESTRING (602747.619132133 4709565.659028021, 602743.5783896345 4709234.819773813, 602749.3151023176 4708846.17479072, 602742.1856212997 4708382.926269352, 602749.5592354308 4707883.2405464025, 602769.2594715762 4707494.802430067, 602803.2038365483 4707032.16103311, 602905.8882948919 4706589.416204516, 603212.8993491194 4706224.110525382, 603626.2063511986 4706063.647475802, 604064.7086311157 4706033.5315203685, 604502.9491187857 4706021.209651566, 604982.52929615 4706047.300562967, 605420.2179996436 4706071.679943986, 605858.1744872323 4706078.3203009935, 606282.696180441 4706103.664619317, 606720.6516417768 4706110.359232517, 607172.5757498755 4706117.296241445, 607556.3004705693 4706123.209413318, 607993.9635708595 4706148.861113822, 608486.970627856 4706156.520374168, 608925.7469975124 4706163.366468085, 609363.7017724405 4706170.227308019, 609747.4258188547 4706176.261224451, 609839.5107729174 4706177.714657731)",POINT (604778.2783512902 4706036.188566355),604778.2783512902,4706036.188566355,2019-02-05,s004,202565.82804248476,212694.119444609,0.0,2.0,10128.291402124178
s59-r10000m,"LINESTRING (609839.5107729174 4706177.714657731, 610185.3807518904 4706183.173735637, 610623.3357696775 4706190.113787795, 611116.3433962122 4706197.959180984, 611555.1202748991 4706204.970934002, 611993.0755599188 4706211.997123636, 612389.9469338609 4706218.387983313, 612828.7240634572 4706225.479979243, 613266.6795998911 4706232.586261926, 613704.345265084 4706257.486719494, 614156.268393208 4706264.876954439, 614649.2755486866 4706272.972476459, 615088.0520110077 4706280.206845357, 615539.975426484 4706287.686875294, 615977.9303902817 4706294.963686239, 616470.9379609282 4706303.188172065, 616799.6097377068 4706308.690553008, 617237.5649588871 4706316.046582305, 617689.4888275875 4706323.6661066795, 618128.2659122867 4706331.092033203, 618621.2739813926 4706339.468754613, 619113.9594194287 4706366.757475324, 619442.6307160034 4706372.384619333, 619948.784613912 4706381.08076124, 619965.091175659 4706381.36202775)",POINT (614902.3481512801 4706277.1450352045),614902.3481512801,4706277.1450352045,2019-02-05,s004,212694.119444609,222822.41084673326,0.0,2.0,10128.29140212425
s60-r10000m,"LINESTRING (619965.091175659 4706381.36202775, 620387.5609821888 4706388.649070227, 620606.1275223718 4706392.429368039, 620825.5157644944 4706396.230776519, 621263.4706396711 4706403.840027291, 621647.1947813838 4706410.529684016, 622085.1498317013 4706418.190613394, 622523.9266553835 4706425.893538478, 623016.9344352238 4706434.58149604, 623454.889780119 4706442.328574837, 623892.8452198893 4706450.103199024, 624331.6224351393 4706457.92003286, 624769.5780658443 4706465.749799968, 625207.5337924295 4706473.607112927, 625591.2586825953 4706480.514116075, 626043.1831664662 4706488.6758203795, 626481.1391737728 4706496.613239419, 626919.9169595999 4706504.5931744585, 627357.8731617925 4706512.585738258, 627795.829461837 4706520.605848834, 628234.6075419597 4706528.668631029, 628672.5640388976 4706536.743887314, 629124.489233184 4706545.1055825595, 629617.4986565235 4706554.260885732, 630001.2244116593 4706561.41092245, 630091.7509827012 4706563.103062943)",POINT (625028.4540707518 4706470.394264384),625028.4540707518,4706470.394264384,2019-02-05,s004,222822.41084673326,232950.7022488575,3.0,2.0,10128.291402124145
s61-r10000m,"LINESTRING (630091.7509827012 4706563.103062943, 630439.1813093981 4706569.597299024, 630932.1910702824 4706578.845692175, 631329.0640203673 4706586.316010596, 631767.8429063337 4706594.601451658, 632205.8002103032 4706602.898951149, 632698.8104300927 4706612.27243655, 633205.7894074802 4706621.947911727, 633534.4630478846 4706628.240229306, 634027.4736168406 4706637.707797695, 634410.3785820322 4706645.08502867, 634849.1581885321 4706653.56465765, 635355.3160659919 4706663.38075053, 635739.0429909163 4706670.847019536, 636177.0012278664 4706679.394322782, 636670.0125015331 4706689.049014965, 637121.9396192087 4706697.929818612, 637560.7198734547 4706706.580339803, 637998.6785475537 4706715.242237964, 638450.6059958865 4706724.209289679, 638888.5648856269 4706732.927168295, 639272.2925558285 4706740.5881797, 639710.2516459072 4706749.357749115, 640162.1795248531 4706758.435906962, 640218.1359214465 4706759.563517408)",POINT (635154.9791057837 4706659.4955473235),635154.9791057837,4706659.4955473235,2019-02-05,s004,232950.7022488575,243078.99365098175,0.0,2.0,10128.29140212438
s62-r10000m,"LINESTRING (640218.1359214465 4706759.563517408, 640600.9605205776 4706767.278042354, 641052.8886256914 4706776.414021271, 641490.8481539239 4706785.295606746, 641983.860886028 4706795.326604127, 642435.7893451059 4706804.552356539, 642874.1363823632 4706794.643610293, 643271.4464572694 4706821.688891592, 643709.4065391261 4706830.710048897, 644161.3354446689 4706840.04782069, 644599.2957509905 4706849.124963086, 645038.470891683 4706839.369412272, 645476.4326081378 4706848.501708563, 645928.3632018296 4706857.954164859, 646421.3785309654 4706868.299397105, 646859.3406010962 4706877.51869772, 647298.1244766834 4706886.78292726, 647736.0867727571 4706896.0573884165, 648105.8486494331 4706903.909061366, 648543.8111548426 4706913.234341177, 648982.5954678089 4706922.604749456, 649420.5582017237 4706931.985191223, 649913.574549692 4706942.5777568, 650343.3555924296 4706951.840435623)",POINT (645280.3495783841 4706844.41302168),645280.3495783841,4706844.41302168,2019-02-05,s004,243078.99365098175,253207.285053106,0.0,2.0,10128.291402124089
s63-r10000m,"LINESTRING (650343.3555924296 4706951.840435623, 650351.5375277027 4706952.016773412, 650776.3535096374 4706961.198769862, 651269.7560760202 4706954.1203755, 651598.4348299094 4706961.265500081, 652036.3993712844 4706970.8104968425, 652488.3328852255 4706980.6888195425, 652927.119361573 4706990.307847442, 653365.084257821 4706999.936444925, 653858.1030435249 4707010.808362282, 654351.1219787825 4707021.71520048, 654679.8013522727 4707029.005826548, 655173.2410517926 4707021.093398377, 655666.2617253097 4707032.09335437, 656008.9111824932 4707039.758893163, 656447.3020681815 4707030.703888602, 656886.920882261 4706967.264853677, 657222.723198832 4706659.310030715, 657342.8682889859 4706217.6199812405, 657358.5248620715 4706106.872975902, 657436.3379189066 4705719.778612985, 657528.5635006813 4705277.460416318, 657592.8519355503 4704834.51155323, 657629.5865642787 4704446.490407166, 657652.7820381715 4704002.613175469, 657662.3912256211 4703577.604113525)",POINT (655406.405756081 4707026.295617319),655406.405756081,4707026.295617319,2019-02-05,s004,253207.285053106,263335.57645523024,0.0,2.0,10128.29140212386
s64-r10000m,"LINESTRING (657662.3912256211 4703577.604113525, 657662.8245404952 4703558.438835596, 657660.1131752 4703096.200442064, 657656.1754527696 4702651.710741828, 657652.23517678 4702207.221353942, 657662.2719395984 4701763.048142295, 657659.5763056483 4701299.700582882, 657672.1191193252 4700744.484821821, 657679.6442283754 4700411.355572466, 657689.6770313855 4699967.183481813, 657699.709062096 4699523.01166753, 657711.420480713 4699004.441424027, 657707.4648255198 4698559.954400125, 657566.077048036 4698150.14021141, 657295.4525804749 4697958.505943582, 656900.1217095687 4697857.403977786, 656545.5221759325 4697775.0132232765, 656176.0834697409 4697730.082457327, 656094.2252894267 4697709.366401476, 655819.4095629655 4697703.231753458, 655422.4164324547 4697675.50230504, 655148.0036805153 4697688.289613169, 654736.1850666334 4697698.043008984, 654337.9505421411 4697689.234242328, 654063.9586654799 4697683.1868571695, 653652.1687979831 4697691.893671667, 653337.0379429329 4697684.970135074, 652980.0442752461 4697677.144043949)",POINT (657692.5524011194 4698516.730557045),657692.5524011194,4698516.730557045,2019-02-05,s004,263335.57645523024,273463.86785735446,0.0,2.0,10128.291402124634
s65-r10000m,"LINESTRING (652980.0442752461 4697677.144043949, 652979.9445694301 4697677.141858177, 652568.1345380007 4697687.0229378315, 652197.877613668 4697678.947164216, 651786.481131898 4697669.997113808, 651512.4911337795 4697664.049829957, 651156.2219270278 4697656.332656917, 650785.5579117702 4697667.208933794, 650428.467039449 4697659.5111170085, 650017.0721232266 4697650.665307365, 649701.9436881815 4697643.905814455, 649331.6884250074 4697635.98202621, 648919.915080882 4697644.967573365, 648563.6483150248 4697637.382655946, 648193.3942527086 4697629.519212613, 647823.1402741143 4697621.675405375, 647466.0509605402 4697614.129090208, 647041.4932599727 4697605.180740235, 646780.670075633 4697599.69620377, 646369.2771240138 4697591.065320693, 645999.023554861 4697583.318252345, 645683.8966932182 4697576.740104232, 645326.8078411213 4697569.303205498, 644956.1628434663 4697580.48852305, 644599.8978949436 4697573.105850091, 644229.6457191338 4697565.452590389, 643873.3809246836 4697558.1069901325, 643503.1289085945 4697550.492258436, 643091.7378747055 4697542.054473816, 642854.2089801034 4697537.1959619)",POINT (647917.169723599 4697623.667413346),647917.169723599,4697623.667413346,2019-02-05,s004,273463.86785735446,283592.1592594787,0.0,2.0,10128.291402124261
s66-r10000m,"LINESTRING (642854.2089801034 4697537.1959619, 642721.4860295664 4697534.481193081, 642364.3987708831 4697527.195784287, 641994.1470839889 4697519.661074332, 641623.8954773406 4697512.145998666, 641294.7830052988 4697505.48241443, 640938.5188254258 4697498.286570419, 640568.2674464327 4697490.827473714, 640198.0161468867 4697483.388010893, 639827.7649265829 4697475.9681818485, 639457.5137853116 4697468.567986477, 639031.7608154975 4697478.9672567975, 638620.3719635183 4697470.792903019, 638346.3870417821 4697465.362230509, 637934.9983507991 4697457.228258321, 637564.7486112216 4697449.92840724, 637194.4989494059 4697442.6481892085, 636865.3882040152 4697436.193366275, 636495.1386885147 4697428.950232613, 636124.8892501746 4697421.726731705, 635754.6398887892 4697414.522863449, 635370.4034104533 4697407.067608126, 635000.1542052394 4697399.903746537, 634575.6018771857 4697391.713347858, 634205.3528355571 4697384.591630243, 633835.1038698072 4697377.489544754, 633519.1581455434 4697371.444622611, 633107.7705661149 4697363.595055702, 632727.9300545054 4697356.3701638635)",POINT (637791.1269036925 4697454.391686066),637791.1269036925,4697454.391686066,2019-02-05,s004,283592.1592594787,293720.4506616029,0.0,2.740740740740741,10128.291402124145
s67-r10000m,"LINESTRING (632727.9300545054 4697356.3701638635, 632683.2186815639 4697355.519715258, 632422.3990649919 4697350.571501783, 632326.1344209476 4697348.747650928, 632052.1504617283 4697343.563954499, 631695.8890984149 4697336.839669881, 631325.640641475 4697329.870643963, 630968.556644466 4697323.168002393, 630557.1696365263 4697315.468701636, 630200.9085613072 4697308.820689332, 629844.6475542627 4697302.190852867, 629528.7025148353 4697296.326481907, 629172.4416359178 4697289.730940035, 628761.0550238453 4697282.137452631, 628459.0973078145 4697276.579255765, 628102.8366314153 4697270.038282381, 627732.5888863781 4697263.259763749, 627376.3283465831 4697256.75585452, 627019.5882716803 4697231.378250763, 626663.3269022394 4697224.910737263, 626265.9268847983 4697217.717841963, 625895.6784953956 4697211.036736516, 625538.5945606409 4697204.611776896, 625223.4721569675 4697198.95699046, 624867.211120093 4697192.5811065445, 624510.1273750945 4697186.208735289, 624098.7406533139 4697178.889928353, 623797.6056279346 4697173.547923859, 623427.3577094018 4697166.997682869, 623070.2742274617 4697160.698934162, 622714.0135830671 4697154.432893827, 622602.1720797436 4697152.471490304)",POINT (627664.6634659258 4697262.019714068),627664.6634659258,4697262.019714068,2019-02-05,s004,293720.4506616029,303848.7420637271,0.0,3.0,10128.291402124234
s68-r10000m,"LINESTRING (622602.1720797436 4697152.471490304, 622357.753002958 4697148.185027551, 622000.6697144688 4697141.940969005, 621644.4092625212 4697135.729492575, 621274.1617471955 4697129.293405656, 620917.9014250117 4697123.11899029, 620560.8183942926 4697116.948551958, 620204.5581987721 4697110.810525782, 619848.2980662314 4697104.690673095, 619450.0766529026 4697097.871516588, 619134.9552180397 4697092.491459233, 618778.6952734698 4697086.426168502, 618421.6126201183 4697080.365106346, 618010.2271520502 4697073.4049487235, 617653.9674033357 4697067.39703122, 617297.7077162721 4697061.407286639, 616940.6253202491 4697055.421944776, 616529.240147682 4697048.5490221055, 616228.106252997 4697043.533403455, 615857.8597208041 4697037.3844548715, 615555.9031531097 4697032.384176771, 615185.6567398242 4697026.270862909, 614788.2589954374 4697019.731078469, 614431.1770281077 4697013.874037357, 614074.917890331 4697008.048684937, 613718.6588123423 4697002.241504663, 613402.7154766549 4696997.10669177, 613046.4565109699 4696991.333799149, 612690.197604538 4696985.579078456, 612475.3142869056 4696982.118998385)",POINT (617538.774050423 4697065.460301395),617538.774050423,4697065.460301395,2019-02-05,s004,303848.7420637271,313977.03346585133,2.0,3.0,10128.291402124221
s69-r10000m,"LINESTRING (612475.3142869056 4696982.118998385, 612333.1159885403 4696979.829302266, 611976.8572001917 4696974.11096717, 611565.7743897204 4696948.653647846, 611209.5147647725 4696942.974470943, 610893.5709429312 4696937.953175602, 610537.311427828 4696932.30828534, 610181.0519706721 4696926.68156647, 609823.9698013708 4696921.060087186, 609467.710459688 4696915.469752849, 609056.3256099621 4696909.037007679, 608700.0663917088 4696903.485827303, 608342.984461087 4696897.940060661, 608027.863818569 4696893.0611487515, 607671.6047643328 4696887.562424923, 607301.3586938828 4696881.867070781, 606903.138543708 4696875.763306779, 606532.8925991483 4696870.108686453, 606176.6337805635 4696864.686212396, 605861.5134400954 4696859.905034417, 605450.397361818 4696835.918360997, 605039.0121980516 4696829.72223996, 604778.1940422886 4696825.806449039, 604366.8089983921 4696819.649917244, 604010.5496093552 4696814.33793663, 603681.4416771966 4696809.4469408505, 603283.2211413137 4696803.54956823, 602912.9748360268 4696798.08683991, 602582.5140351205 4696885.410236264, 602458.0093580125 4696957.995883285, 602389.1841755988 4696993.637874099)",POINT (607412.5302743071 4696883.577180818),607412.5302743071,4696883.577180818,2019-02-05,s004,313977.03346585133,324105.32486797555,4.0,3.0,10128.291402124392
