cell_id,polygon,centroid,period_id,date_beg,date_mid,date_end,individuals,se_length
c013-h5000m,"POLYGON ((-67.73482882765681 42.46154147807937, -67.68264691877695 42.43843917340971, -67.68358895887916 42.3934210286995, -67.73663768061849 42.37150333155252, -67.78878508049321 42.394580860529395, -67.78791827318267 42.439600824543795, -67.73482882765681 42.46154147807937))",POINT (-67.73573428993454 42.416522590060026),p2019-02-02-8d,2019-02-02,2019-02-06,2019-02-09,,6000.522000925444
c014-h5000m,"POLYGON ((-67.62952297269011 42.460330554864164, -67.57738204610787 42.43718087923865, -67.57839930166395 42.392164705113544, -67.63148227435795 42.37029619823948, -67.68358895887916 42.3934210286995, -67.68264691877695 42.43843917340971, -67.62952297269011 42.460330554864164))",POINT (-67.63050374541267 42.41531356313657),p2019-02-02-8d,2019-02-02,2019-02-06,2019-02-09,4.0,8662.11549672921
c015-h5000m,"POLYGON ((-67.52422386709547 42.4590229213927, -67.47212417231296 42.43582595934314, -67.47321662460372 42.390811907038895, -67.52633358141215 42.368992657187896, -67.57839930166395 42.392164705113544, -67.57738204610787 42.43718087923865, -67.52422386709547 42.4590229213927))",POINT (-67.52527993219935 42.41400797732256),p2019-02-02-8d,2019-02-02,2019-02-06,2019-02-09,2.0,8661.560379510744
c016-h5000m,"POLYGON ((-67.41893202859613 42.45761859566464, -67.36687381431237 42.43437443236279, -67.36804144323825 42.38936265306662, -67.42119211674257 42.36759272630371, -67.47321662460372 42.390811907038895, -67.47212417231296 42.43582595934314, -67.41893202859613 42.45761859566464))",POINT (-67.42006336663434 42.412605850570685),p2019-02-02-8d,2019-02-02,2019-02-06,2019-02-09,,8662.595905265114
c017-h5000m,"POLYGON ((-67.31364797468949 42.45611759700819, -67.26163148879289 42.4328263182637, -67.26287427287504 42.387816963110716, -67.31605839508691 42.36609642481446, -67.36804144323825 42.38936265306662, -67.36687381431237 42.43437443236279, -67.31364797468949 42.45611759700819))",POINT (-67.31485456483249 42.41110720215874),p2019-02-02-8d,2019-02-02,2019-02-06,2019-02-09,,8662.002384799594
c018-h5000m,"POLYGON ((-67.20837222263101 42.454519946079216, -67.15639771219189 42.43118163833746, -67.15771562857331 42.386174858407315, -67.21093293094313 42.3645037732685, -67.26287427287504 42.387816963110716, -67.26163148879289 42.4328263182637, -67.20837222263101 42.454519946079216))",POINT (-67.20965404266788 42.40951205268876),p2019-02-02-8d,2019-02-02,2019-02-06,2019-02-09,,8662.345691494791
c019-h5000m,"POLYGON ((-67.10310528941815 42.45282566486052, -67.05117300068147 42.429440415200446, -67.05256602512827 42.38443636151383, -67.10581623855369 42.362814793534184, -67.15771562857331 42.386174858407315, -67.15639771219189 42.43118163833746, -67.10310528941815 42.45282566486052))",POINT (-67.1044623157578 42.40782042408621),p2019-02-02-8d,2019-02-02,2019-02-06,2019-02-09,,8702.978542785258
c021-h5000m,"POLYGON ((-68.94610563394569 42.5360558250485, -68.89341401741638 42.51350433238158, -68.89349044411844 42.46847494041641, -68.94618289551497 42.445996925546154, -68.99883684885212 42.46852442100569, -68.99883601422268 42.51355389058541, -68.94610563394569 42.5360558250485))",POINT (-68.94614430901171 42.49102655285436),p2019-02-02-8d,2019-02-02,2019-02-06,2019-02-09,3.0,8496.210478166911
c022-h5000m,"POLYGON ((-68.84064597442067 42.53595770267411, -68.78799254694877 42.51335779989012, -68.78814456431222 42.46832863741309, -68.8408744191892 42.44589911027552, -68.89349044411844 42.46847494041641, -68.89341401741638 42.51350433238158, -68.84064597442067 42.53595770267411))",POINT (-68.84076032773429 42.49092858414083),p2019-02-02-8d,2019-02-02,2019-02-06,2019-02-09,1.0,8660.743953269764
c023-h5000m,"POLYGON ((-68.73518710258219 42.53576253083873, -68.68257212339418 42.51311429513185, -68.68279972861203 42.46808551401126, -68.73556672633174 42.4457045492868, -68.78814456431222 42.46832863741309, -68.78799254694877 42.51335779989012, -68.73518710258219 42.53576253083873))",POINT (-68.73537713203018 42.490733717945574),p2019-02-02-8d,2019-02-02,2019-02-06,2019-02-09,,8660.726392896824
c024-h5000m,"POLYGON ((-68.62972953969012 42.535470312235304, -68.57715326729424 42.51277382146481, -68.5774564561639 42.46774557356019, -68.63026033541107 42.44541324525892, -68.68279972861203 42.46808551401126, -68.68257212339418 42.51311429513185, -68.62972953969012 42.535470312235304))",POINT (-68.62999524176092 42.490441956954456),p2019-02-02-8d,2019-02-02,2019-02-06,2019-02-09,,8661.151629770528
c025-h5000m,"POLYGON ((-68.52427380696346 42.535081050895776, -68.47173649914167 42.512336383584206, -68.47211526606525 42.46730882074282, -68.52495576485522 42.44502520220276, -68.5774564561639 42.46774557356019, -68.57715326729424 42.51277382146481, -68.52427380696346 42.535081050895776))",POINT (-68.52461517674729 42.490053305188944),p2019-02-02-8d,2019-02-02,2019-02-06,2019-02-09,,8660.92461559482
c026-h5000m,"POLYGON ((-68.41882042556406 42.53459475219084, -68.36632233936412 42.51180198752215, -68.36677667734861 42.46677526157552, -68.41965353303559 42.44454042546099, -68.47211526606525 42.46730882074282, -68.47173649914167 42.512336383584206, -68.41882042556406 42.53459475219084))",POINT (-68.41923745675321 42.48956776800566),p2019-02-02-8d,2019-02-02,2019-02-06,2019-02-09,,8661.097050047898
c027-h5000m,"POLYGON ((-68.31336991658036 42.53401142282976, -68.26091130830783 42.51117064064745, -68.26144120896554 42.46614490340784, -68.31435415825084 42.44395892170791, -68.36677667734861 42.46677526157552, -68.36632233936412 42.51180198752215, -68.31336991658036 42.53401142282976))",POINT (-68.31386260146955 42.48898535209636),p2019-02-02-8d,2019-02-02,2019-02-06,2019-02-09,,8660.894469918916
c028-h5000m,"POLYGON ((-68.20792280101107 42.533331070860065, -68.15550392622147 42.51044235166529, -68.15610937977051 42.465417754922235, -68.20905815871079 42.443280698949074, -68.26144120896554 42.46614490340784, -68.26091130830783 42.51117064064745, -68.20792280101107 42.533331070860065))",POINT (-68.20849113049786 42.48830606548756),p2019-02-02-8d,2019-02-02,2019-02-06,2019-02-09,,8660.63200737151
c029-h5000m,"POLYGON ((-68.10247959974902 42.532553705667326, -68.0501007132399 42.509617130616874, -68.0507817085047 42.4645938261337, -68.10376605252029 42.44250576652105, -68.15610937977051 42.465417754922235, -68.15550392622147 42.51044235166529, -68.10247959974902 42.532553705667326))",POINT (-68.10312356333431 42.48752991754026),p2019-02-02-8d,2019-02-02,2019-02-06,2019-02-09,,8661.760606152155
c030-h5000m,"POLYGON ((-67.99704083356481 42.53167933797458, -67.94470218936802 42.50869498887903, -67.9454587137799 42.46367312838933, -67.99847835766317 42.44163413509102, -68.0507817085047 42.4645938261337, -68.0501007132399 42.509617130616874, -67.99704083356481 42.53167933797458))",POINT (-67.99776041935341 42.48665691894954),p2019-02-02-8d,2019-02-02,2019-02-06,2019-02-09,,8661.54058743791
c031-h5000m,"POLYGON ((-67.89160702309069 42.53070797984206, -67.83930887446448 42.507675939163704, -67.84014091406237 42.46265567436792, -67.89319559198614 42.44066581665627, -67.9454587137799 42.46367312838933, -67.94470218936802 42.50869498887903, -67.89160702309069 42.53070797984206))",POINT (-67.89240221779194 42.4856870817441),p2019-02-02-8d,2019-02-02,2019-02-06,2019-02-09,,8665.688771440015
c032-h5000m,"POLYGON ((-67.78617868880414 42.529639644666624, -67.7339212882256 42.506559995517485, -67.73482882765681 42.46154147807937, -67.78791827318267 42.439600824543795, -67.84014091406237 42.46265567436792, -67.83930887446448 42.507675939163704, -67.78617868880414 42.529639644666624))",POINT (-67.78704947773268 42.48462041928584),p2019-02-02-8d,2019-02-02,2019-02-06,2019-02-09,,6084.7157428401615
c033-h5000m,"POLYGON ((-67.68075635101187 42.52847434718119, -67.62853995016913 42.50534717332102, -67.62952297269011 42.460330554864164, -67.68264691877695 42.43843917340971, -67.73482882765681 42.46154147807937, -67.7339212882256 42.506559995517485, -67.68075635101187 42.52847434718119))",POINT (-67.68170271808842 42.48345694626918),p2019-02-02-8d,2019-02-02,2019-02-06,2019-02-09,,8664.218174602604
c034-h5000m,"POLYGON ((-67.57534052983348 42.527212103454175, -67.5231653796181 42.504037489288315, -67.52422386709546 42.4590229213927, -67.57738204610787 42.43718087923865, -67.62952297269011 42.460330554864164, -67.62853995016913 42.50534717332102, -67.57534052983348 42.527212103454175))",POINT (-67.57636245758569 42.48219667872062),p2019-02-02-8d,2019-02-02,2019-02-06,2019-02-09,,8662.80904275309
c035-h5000m,"POLYGON ((-67.46993174518538 42.52585293088881, -67.41779809568472 42.50263096146615, -67.41893202859613 42.45761859566464, -67.47212417231296 42.43582595934314, -67.52422386709546 42.4590229213927, -67.5231653796181 42.504037489288315, -67.46993174518538 42.52585293088881))",POINT (-67.47102921474878 42.4808396339979),p2019-02-02-8d,2019-02-02,2019-02-06,2019-02-09,3.0,8661.66344366863
c036-h5000m,"POLYGON ((-67.36453051676445 42.52439684822243, -67.31243861725423 42.501127609233286, -67.31364797468949 42.45611759700819, -67.36687381431237 42.43437443236279, -67.41893202859613 42.45761859566464, -67.41779809568472 42.50263096146615, -67.36453051676445 42.52439684822243))",POINT (-67.36570350788357 42.47938583078943),p2019-02-02-8d,2019-02-02,2019-02-06,2019-02-09,,8661.864496457722
c037-h5000m,"POLYGON ((-67.25913736403209 42.522843875525695, -67.20708746296877 42.499527453299656, -67.20837222263101 42.454519946079216, -67.26163148879289 42.4328263182637, -67.31364797468949 42.45611759700819, -67.31243861725423 42.501127609233286, -67.25913736403209 42.522843875525695))",POINT (-67.26038585506141 42.47783528911352),p2019-02-02-8d,2019-02-02,2019-02-06,2019-02-09,,8513.938808095176
c038-h5000m,"POLYGON ((-67.15375280619796 42.52119403420178, -67.10174515121138 42.49783051570551, -67.10310528941815 42.45282566486052, -67.15639771219189 42.43118163833746, -67.20837222263101 42.454519946079216, -67.20708746296877 42.499527453299656, -67.15375280619796 42.52119403420178))",POINT (-67.15507677410318 42.47618803031748),p2019-02-02-8d,2019-02-02,2019-02-06,2019-02-09,,8099.829163117847
c039-h5000m,"POLYGON ((-67.04837736220388 42.51944734698548, -66.9964122000898 42.49603681982059, -66.9978476917745 42.45103477666084, -67.05117300068147 42.429440415200446, -67.10310528941815 42.45282566486052, -67.10174515121138 42.49783051570551, -67.04837736220388 42.51944734698548))",POINT (-67.0497767825632 42.47444407707676),p2019-02-02-8d,2019-02-02,2019-02-06,2019-02-09,,6840.634352531238
c041-h5000m,"POLYGON ((-68.99883433921065 42.60361176437517, -68.94606687007867 42.58108474208367, -68.94610563394569 42.5360558250485, -68.99883601422268 42.51355389058541, -69.0515655598728 42.53605689660798, -69.05160264873295 42.58108581532363, -68.99883433921065 42.60361176437517))",POINT (-68.99883517767724 42.55858300505671),p2019-02-02-8d,2019-02-02,2019-02-06,2019-02-09,,3227.2405086871327
c042-h5000m,"POLYGON ((-68.8932606371995 42.603562050610826, -68.84053135854397 42.58098646582979, -68.84064597442067 42.53595770267411, -68.89341401741638 42.51350433238158, -68.94610563394569 42.5360558250485, -68.94606687007867 42.58108474208367, -68.8932606371995 42.603562050610826))",POINT (-68.89333741526748 42.55853336912797),p2019-02-02-8d,2019-02-02,2019-02-06,2019-02-09,,6945.818815792914
c043-h5000m,"POLYGON ((-68.78768746436599 42.60341505816329, -68.7349966368172 42.58079098791941, -68.73518710258219 42.53576253083873, -68.78799254694877 42.51335779989012, -68.84064597442067 42.53595770267411, -68.84053135854396 42.58098646582979, -68.78768746436599 42.60341505816329))",POINT (-68.78784018061313 42.5583866068221),p2019-02-02-8d,2019-02-02,2019-02-06,2019-02-09,,6792.8507798292485
c044-h5000m,"POLYGON ((-68.68211534409213 42.60317078906399, -68.62946322756207 42.580498311052565, -68.62972953969012 42.535470312235304, -68.68257212339418 42.51311429513185, -68.73518710258219 42.53576253083873, -68.7349966368172 42.58079098791941, -68.68211534409213 42.60317078906399))",POINT (-68.68234399568965 42.5581427201652),p2019-02-02-8d,2019-02-02,2019-02-06,2019-02-09,,6668.801208172945
c045-h5000m,"POLYGON ((-68.57654479972703 42.60282924668858, -68.52393165340118 42.58010843927175, -68.52427380696346 42.535081050895776, -68.57715326729424 42.51277382146481, -68.62972953969012 42.535470312235304, -68.62946322756207 42.580498311052565, -68.57654479972703 42.60282924668858))",POINT (-68.57684938243969 42.55780171252416),p2019-02-02-8d,2019-02-02,2019-02-06,2019-02-09,2.0,6504.3519107092
c046-h5000m,"POLYGON ((-68.47097635457042 42.602390435756924, -68.4184024368997 42.57962137796174, -68.41882042556406 42.53459475219084, -68.47173649914167 42.512336383584206, -68.52427380696346 42.535081050895776, -68.52393165340118 42.58010843927175, -68.47097635457042 42.602390435756924))",POINT (-68.47135686275676 42.557363588606435),p2019-02-02-8d,2019-02-02,2019-02-06,2019-02-09,,6369.574932057674
c047-h5000m,"POLYGON ((-68.36541053185631 42.6018543623328, -68.3128761005491 42.57903713384939, -68.31336991658036 42.53401142282976, -68.36632233936412 42.51180198752215, -68.41882042556406 42.53459475219084, -68.4184024368997 42.57962137796174, -68.36541053185631 42.6018543623328))",POINT (-68.36586695846894 42.55682835445999),p2019-02-02-8d,2019-02-02,2019-02-06,2019-02-09,,6193.674956968432
c048-h5000m,"POLYGON ((-68.25984785473653 42.60122103382369, -68.20735316675066 42.57835571500334, -68.20792280101107 42.533331070860065, -68.26091130830783 42.51117064064745, -68.31336991658036 42.53401142282976, -68.3128761005491 42.57903713384939, -68.25984785473653 42.60122103382369))",POINT (-68.2603801913226 42.55619601747291),p2019-02-02-8d,2019-02-02,2019-02-06,2019-02-09,,6012.698542972334
c049-h5000m,"POLYGON ((-68.15428884626445 42.60049045898047, -68.1018341577993 42.577577130833724, -68.10247959974902 42.532553705667326, -68.15550392622147 42.51044235166529, -68.20792280101107 42.533331070860065, -68.20735316675066 42.57835571500334, -68.15428884626445 42.60049045898047))",POINT (-68.154897082966 42.55546658637318),p2019-02-02-8d,2019-02-02,2019-02-06,2019-02-09,,5881.799679961124
c050-h5000m,"POLYGON ((-68.04873402937855 42.59966264789704, -67.99631959586715 42.5767013920917, -67.99704083356481 42.53167933797458, -68.0501007132399 42.509617130616874, -68.10247959974902 42.532553705667326, -68.1018341577993 42.577577130833724, -68.04873402937855 42.59966264789704))",POINT (-68.04941815493312 42.554640071228334),p2019-02-02-8d,2019-02-02,2019-02-06,2019-02-09,,5709.972551544663
c051-h5000m,"POLYGON ((-67.94318392688608 42.59873761200996, -67.89081000298722 42.57572851086912, -67.89160702309069 42.53070797984206, -67.94470218936802 42.50869498887903, -67.99704083356481 42.53167933797458, -67.99631959586715 42.5767013920917, -67.94318392688608 42.59873761200996))",POINT (-67.94394392862733 42.55371648344498),p2019-02-02-8d,2019-02-02,2019-02-06,2019-02-09,,5621.839934831986
c052-h5000m,"POLYGON ((-67.83763906144675 42.59771536409787, -67.78530590103723 42.57465850059792, -67.78617868880414 42.529639644666624, -67.83930887446448 42.507675939163704, -67.89160702309069 42.53070797984206, -67.89081000298722 42.57572851086912, -67.83763906144675 42.59771536409787))",POINT (-67.83847492530508 42.5526958357684),p2019-02-02-8d,2019-02-02,2019-02-06,2019-02-09,,11143.300080003872
c053-h5000m,"POLYGON ((-67.73209995555631 42.59659591828107, -67.67980781172315 42.57349137604964, -67.68075635101187 42.52847434718119, -67.7339212882256 42.506559995517485, -67.78617868880414 42.529639644666624, -67.78530590103723 42.57465850059792, -67.73209995555631 42.59659591828107))",POINT (-67.73301166605971 42.55157814228195),p2019-02-02-8d,2019-02-02,2019-02-06,2019-02-09,,11097.915423933475
c054-h5000m,"POLYGON ((-67.62656713153032 42.595379290020894, -67.57431625656307 42.57222715333479, -67.57534052983348 42.527212103454175, -67.62853995016913 42.50534717332102, -67.68075635101187 42.52847434718119, -67.67980781172315 42.57349137604964, -67.62656713153032 42.595379290020894))",POINT (-67.62755467180517 42.55036341840656),p2019-02-02-8d,2019-02-02,2019-02-06,2019-02-09,,4542.567472347488
c055-h5000m,"POLYGON ((-67.5210411114878 42.59406549611907, -67.46883175687081 42.57086584990219, -67.46993174518538 42.52585293088881, -67.5231653796181 42.504037489288315, -67.57534052983348 42.527212103454175, -67.57431625656307 42.57222715333479, -67.5210411114878 42.59406549611907))",POINT (-67.52210446325977 42.549051680900014),p2019-02-02-8d,2019-02-02,2019-02-06,2019-02-09,,3941.6818859610808
c056-h5000m,"POLYGON ((-67.4155224173349 42.59265455471703, -67.36335483373982 42.56940748453827, -67.36453051676445 42.52439684822243, -67.41779809568472 42.50263096146615, -67.46993174518538 42.52585293088881, -67.46883175687081 42.57086584990219, -67.4155224173349 42.59265455471703))",POINT (-67.41666156093001 42.54764294785635),p2019-02-02-8d,2019-02-02,2019-02-06,2019-02-09,,3384.2984955516117
c057-h5000m,"POLYGON ((-67.31001157074871 42.59114648529518, -67.25788600802677 42.567852077366204, -67.25913736403209 42.522843875525695, -67.31243861725423 42.501127609233286, -67.36453051676445 42.52439684822243, -67.36335483373982 42.56940748453827, -67.31001157074871 42.59114648529518))",POINT (-67.31122648509434 42.546137238705064),p2019-02-02-8d,2019-02-02,2019-02-06,2019-02-09,,2848.7964979149306
c058-h5000m,"POLYGON ((-67.20450909316092 42.589541308672054, -67.15242580033551 42.566199649845274, -67.15375280619796 42.52119403420178, -67.20708746296877 42.499527453299656, -67.25913736403209 42.522843875525695, -67.25788600802677 42.567852077366204, -67.20450909316092 42.589541308672054))",POINT (-67.20579975578701 42.54453457421031),p2019-02-02-8d,2019-02-02,2019-02-06,2019-02-09,,2637.6312683526644
c059-h5000m,"POLYGON ((-67.09901550574166 42.58783904700353, -67.0469747310008 42.56445022476978, -67.04837736220388 42.51944734698548, -67.10174515121138 42.49783051570551, -67.15375280619796 42.52119403420178, -67.15242580033551 42.566199649845274, -67.09901550574166 42.58783904700353))",POINT (-67.10038189278187 42.542834976470054),p2019-02-02-8d,2019-02-02,2019-02-06,2019-02-09,,2452.442451010475
c061-h5000m,"POLYGON ((-68.94598907498406 42.67114151050183, -68.89318368273838 42.64859037678633, -68.8932606371995 42.603562050610826, -68.94606687007867 42.58108474208367, -68.99883433921065 42.60361176437517, -68.99883349881772 42.64864016849729, -68.94598907498406 42.67114151050183))",POINT (-68.9460280171715 42.626113303915844),p2019-02-02-8d,2019-02-02,2019-02-06,2019-02-09,,1633.133823082529
c062-h5000m,"POLYGON ((-68.84030133626999 42.67104292583034, -68.78753439726438 42.64844315386889, -68.78768746436599 42.60341505816329, -68.84053135854397 42.58098646582979, -68.8932606371995 42.603562050610826, -68.89318368273838 42.64859037678633, -68.84030133626999 42.67104292583034))",POINT (-68.84041647939702 42.62601487356313),p2019-02-02-8d,2019-02-02,2019-02-06,2019-02-09,,1801.783749347382
c063-h5000m,"POLYGON ((-68.73461439163141 42.67084683446004, -68.68188616718984 42.64819850178168, -68.68211534409213 42.60317078906399, -68.7349966368172 42.58079098791941, -68.78768746436599 42.60341505816329, -68.78753439726438 42.64844315386889, -68.73461439163141 42.67084683446004))",POINT (-68.73480573356017 42.62581908914157),p2019-02-02-8d,2019-02-02,2019-02-06,2019-02-09,1.0,1938.6083538875241
c064-h5000m,"POLYGON ((-68.62892876655602 42.670553239105146, -68.57623951727578 42.64785642390926, -68.57654479972703 42.60282924668858, -68.62946322756207 42.580498311052565, -68.68211534409213 42.60317078906399, -68.68188616718984 42.64819850178168, -68.62892876655602 42.670553239105146))",POINT (-68.6291963037338 42.625525953358206),p2019-02-02-8d,2019-02-02,2019-02-06,2019-02-09,,2084.8661381169395
c065-h5000m,"POLYGON ((-68.52324498649003 42.67016214382938, -68.47059497223358 42.64741692498385, -68.47097635457042 42.602390435756924, -68.52393165340118 42.58010843927175, -68.57654479972703 42.60282924668858, -68.57623951727578 42.64785642390926, -68.52324498649003 42.67016214382938))",POINT (-68.52358871394966 42.6251354702662),p2019-02-02-8d,2019-02-02,2019-02-06,2019-02-09,,2201.4482307446597
c066-h5000m,"POLYGON ((-68.41756357682169 42.66967355404581, -68.36495305670859 42.64688001108516, -68.36541053185631 42.6018543623328, -68.4184024368997 42.57962137796174, -68.47097635457042 42.602390435756924, -68.47059497223358 42.64741692498385, -68.41756357682169 42.66967355404581))",POINT (-68.41798348818172 42.62464764526442),p2019-02-02-8d,2019-02-02,2019-02-06,2019-02-09,,2389.0504665982853
c067-h5000m,"POLYGON ((-68.3118850628648 42.66908747651666, -68.25931429526366 42.6462456896401, -68.25984785473653 42.60122103382369, -68.3128761005491 42.57903713384939, -68.36541053185631 42.6018543623328, -68.36495305670859 42.64688001108516, -68.3118850628648 42.66908747651666))",POINT (-68.31238115032983 42.62406248509739),p2019-02-02-8d,2019-02-02,2019-02-06,2019-02-09,,2522.4105096130156
c068-h5000m,"POLYGON ((-68.20620996984222 42.66840391935295, -68.15367921236265 42.64551396942252, -68.15428884626445 42.60049045898047, -68.20735316675066 42.57835571500334, -68.25984785473653 42.60122103382369, -68.25931429526366 42.6462456896401, -68.20620996984222 42.66840391935295))",POINT (-68.20678222420337 42.623379997854876),p2019-02-02-8d,2019-02-02,2019-02-06,2019-02-09,,2762.2150964290154
c069-h5000m,"POLYGON ((-68.10053882286932 42.667622892014265, -68.04804833235403 42.64468486055278, -68.04873402937855 42.59966264789704, -68.1018341577993 42.577577130833724, -68.15428884626445 42.60049045898047, -68.15367921236265 42.64551396942252, -68.10053882286932 42.667622892014265))",POINT (-68.10118723350472 42.622600192971696),p2019-02-02-8d,2019-02-02,2019-02-06,2019-02-09,,2856.9420013573035
c070-h5000m,"POLYGON ((-67.9948721469376 42.666744405308265, -67.94242217945438 42.643758374497445, -67.94318392688608 42.59873761200996, -67.99631959586715 42.5767013920917, -68.04873402937855 42.59966264789704, -68.04804833235403 42.64468486055278, -67.9948721469376 42.666744405308265))",POINT (-67.99559670181296 42.62172308122725),p2019-02-02-8d,2019-02-02,2019-02-06,2019-02-09,,2996.5066202817416
c071-h5000m,"POLYGON ((-67.8892104668981 42.665768471390294, -67.83680127773209 42.6427345240687, -67.83763906144675 42.59771536409787, -67.89081000298722 42.57572851086912, -67.94318392688608 42.59873761200996, -67.94242217945438 42.643758374497445, -67.8892104668981 42.665768471390294))",POINT (-67.89001115256745 42.62074867474503),p2019-02-02-8d,2019-02-02,2019-02-06,2019-02-09,,3136.1639906047767
c073-h5000m,"POLYGON ((-67.67790419309964 42.66352431727515, -67.6255773232531 42.64039478806483, -67.62656713153032 42.595379290020894, -67.67980781172315 42.57349137604964, -67.73209995555631 42.59659591828107, -67.73118615109081 42.64161332342386, -67.67790419309964 42.66352431727515))",POINT (-67.67885709437556 42.618508032779175),p2019-02-02-8d,2019-02-02,2019-02-06,2019-02-09,,3794.7844814038885
c074-h5000m,"POLYGON ((-67.57226064819284 42.662256128122216, -67.51997531774411 42.639078934837386, -67.5210411114878 42.59406549611907, -67.57431625656307 42.57222715333479, -67.62656713153032 42.595379290020894, -67.6255773232531 42.64039478806483, -67.57226064819284 42.662256128122216))",POINT (-67.57328963146188 42.617241828258564),p2019-02-02-8d,2019-02-02,2019-02-06,2019-02-09,,4440.95853650566
c075-h5000m,"POLYGON ((-67.46662419684985 42.66089055384455, -67.41438065787513 42.63766578193055, -67.4155224173349 42.59265455471703, -67.46883175687081 42.57086584990219, -67.5210411114878 42.59406549611907, -67.51997531774411 42.639078934837386, -67.46662419684985 42.66089055384455))",POINT (-67.46772924302711 42.61587839092494),p2019-02-02-8d,2019-02-02,2019-02-06,2019-02-09,,4995.788267394409
c076-h5000m,"POLYGON ((-67.36099536297323 42.659427613327225, -67.30879386672724 42.63615534887579, -67.31001157074871 42.59114648529518, -67.36335483373982 42.56940748453827, -67.4155224173349 42.59265455471703, -67.41438065787513 42.63766578193055, -67.36099536297323 42.659427613327225))",POINT (-67.3621764515665 42.614417739613955),p2019-02-02-8d,2019-02-02,2019-02-06,2019-02-09,,5574.910281630891
c077-h5000m,"POLYGON ((-67.25537467022666 42.65786732679911, -67.20321546713505 42.634547656546225, -67.20450909316092 42.589541308672054, -67.25788600802677 42.567852077366204, -67.31001157074871 42.59114648529518, -67.30879386672724 42.63615534887579, -67.25537467022666 42.65786732679911))",POINT (-67.25663177933757 42.61285989450163),p2019-02-02-8d,2019-02-02,2019-02-06,2019-02-09,3.0,6064.756511490775
c078-h5000m,"POLYGON ((-67.1497626420185 42.6562097158321, -67.09764598167031 42.63284272715581, -67.09901550574166 42.58783904700353, -67.15242580033551 42.566199649845274, -67.20450909316092 42.589541308672054, -67.20321546713505 42.634547656546225, -67.1497626420185 42.6562097158321))",POINT (-67.15109574834366 42.6112048771034),p2019-02-02-8d,2019-02-02,2019-02-06,2019-02-09,5.0,6506.1382054449
c079-h5000m,"POLYGON ((-67.04415980148553 42.65445480334015, -66.99208593262566 42.63104058425838, -66.99353132938323 42.586039723781845, -67.0469747310008 42.56445022476978, -67.09901550574166 42.58783904700353, -67.09764598167031 42.63284272715581, -67.04415980148553 42.65445480334015))",POINT (-67.04556888031786 42.609452710273324),p2019-02-02-8d,2019-02-02,2019-02-06,2019-02-09,,6544.629819305721
c093-h5000m,"POLYGON ((-67.7293522376659 42.73164702077999, -67.67694910200319 42.708540229443514, -67.67790419309964 42.66352431727515, -67.73118615109081 42.64161332342386, -67.78355430744514 42.664695103762874, -67.78267549079607 42.70971285082371, -67.7293522376659 42.73164702077999))",POINT (-67.73027024701679 42.686630357620025),p2019-02-02-8d,2019-02-02,2019-02-06,2019-02-09,,11842.086297301628
c094-h5000m,"POLYGON ((-67.62359087820732 42.73042466304794, -67.5712293003943 42.70727005282319, -67.57226064819284 42.662256128122216, -67.6255773232531 42.64039478806483, -67.67790419309964 42.66352431727515, -67.67694910200319 42.708540229443514, -67.62359087820732 42.73042466304794))",POINT (-67.6245852408584 42.6854099124398),p2019-02-02-8d,2019-02-02,2019-02-06,2019-02-09,,8662.160766248946
c095-h5000m,"POLYGON ((-67.51783637798212 42.729104682342594, -67.46551661150828 42.70590233854922, -67.46662419684985 42.66089055384455, -67.51997531774411 42.639078934837386, -67.57226064819284 42.662256128122216, -67.5712293003943 42.70727005282319, -67.51783637798212 42.729104682342594))",POINT (-67.51890707544526 42.6840919969475),p2019-02-02-8d,2019-02-02,2019-02-06,2019-02-09,,8662.263219848905
c096-h5000m,"POLYGON ((-67.4120892631282 42.727687096948586, -67.35981156066048 42.70443710555627, -67.36099536297323 42.659427613327225, -67.41438065787513 42.63766578193055, -67.46662419684985 42.66089055384455, -67.46551661150828 42.70590233854922, -67.4120892631282 42.727687096948586))",POINT (-67.41323627549919 42.68267662937986),p2019-02-02-8d,2019-02-02,2019-02-06,2019-02-09,,8661.77996879816
c097-h5000m,"POLYGON ((-67.30635005955108 42.72617192650006, -67.2541146729262 42.70287437412629, -67.25537467022666 42.65786732679911, -67.30879386672724 42.63615534887579, -67.36099536297323 42.659427613327225, -67.35981156066048 42.70443710555627, -67.30635005955108 42.72617192650006))",POINT (-67.30757336551082 42.68116382931962),p2019-02-02-8d,2019-02-02,2019-02-06,2019-02-09,,8662.011111244205
c098-h5000m,"POLYGON ((-67.20061929290748 42.724559191979836, -67.14842647312426 42.7012141658878, -67.1497626420185 42.6562097158321, -67.20321546713505 42.634547656546225, -67.25537467022666 42.65786732679911, -67.2541146729262 42.70287437412629, -67.20061929290748 42.724559191979836))",POINT (-67.20191886972303 42.67955361769468),p2019-02-02-8d,2019-02-02,2019-02-06,2019-02-09,,8662.210340945352
c099-h5000m,"POLYGON ((-67.09489748858871 42.72284891571861, -67.04274748580058 42.6994565038149, -67.04415980148553 42.65445480334015, -67.09764598167031 42.63284272715581, -67.1497626420185 42.6562097158321, -67.14842647312426 42.7012141658878, -67.09489748858871 42.72284891571861))",POINT (-67.09627331211465 42.67784601677723),p2019-02-02-8d,2019-02-02,2019-02-06,2019-02-09,,8250.161243375644
c101-h5000m,"POLYGON ((-68.9458717103253 42.80622399836433, -68.89295175622767 42.783673223043294, -68.89302924273116 42.73864596304421, -68.94595004327536 42.71616936179935, -68.99883181223205 42.738695910982806, -68.99883096602886 42.78372324926357, -68.9458717103253 42.80622399836433))",POINT (-68.9459109218034 42.761196857767025),p2019-02-26-8d,2019-02-26,2019-03-02,2019-03-05,,8402.363325894268
c102-h5000m,"POLYGON ((-68.8399543158678 42.80612494940997, -68.78707308134847 42.783525306736564, -68.78722720670775 42.738498278198165, -68.84018592845015 42.716070622588454, -68.89302924273116 42.73864596304421, -68.89295175622767 42.783673223043294, -68.8399543158678 42.80612494940997))",POINT (-68.84007025522216 42.76109796379539),p2019-02-26-8d,2019-02-26,2019-03-02,2019-03-05,,8660.690516877134
c103-h5000m,"POLYGON ((-68.7340377219496 42.80592793455498, -68.68119547045453 42.783279502396226, -68.68142623179658 42.73825285849212, -68.73442260984672 42.715874223830575, -68.78722720670775 42.738498278198165, -68.78707308134847 42.783525306736564, -68.7340377219496 42.80592793455498))",POINT (-68.73423038701726 42.760901257209746),p2019-02-26-8d,2019-02-26,2019-03-02,2019-03-05,,8662.081106269507
c104-h5000m,"POLYGON ((-68.62812245833574 42.805632956535035, -68.57531945257567 42.78293581343357, -68.57562684559892 42.73790970732841, -68.62866061437293 42.71558016824705, -68.68142623179658 42.73825285849212, -68.68119547045453 42.783279502396226, -68.62812245833574 42.805632956535035))",POINT (-68.62839184552239 42.76060674073853),p2019-02-26-8d,2019-02-26,2019-03-02,2019-03-05,,8660.338513782144
c105-h5000m,"POLYGON ((-68.52220905474914 42.805240019446, -68.46944555669131 42.782494244618235, -68.46982957566605 42.73746882946417, -68.52290046889507 42.715188459912305, -68.57562684559892 42.73790970732841, -68.57531945257567 42.78293581343357, -68.52220905474914 42.805240019446))",POINT (-68.52255515902937 42.760214418466916),p2019-02-26-8d,2019-02-26,2019-03-02,2019-03-05,,8660.706968783194
c106-h5000m,"POLYGON ((-68.416298040854 42.80474912874377, -68.36357431171395 42.78195480207798, -68.36403494948252 42.73693023101108, -68.41714270022115 42.714699104253626, -68.46982957566605 42.73746882946417, -68.46944555669131 42.782494244618235, -68.416298040854 42.80474912874377))",POINT (-68.41672085577149 42.759724295836456),p2019-02-26-8d,2019-02-26,2019-03-02,2019-03-05,,8660.70923071942
c107-h5000m,"POLYGON ((-68.31038994623894 42.804160291244, -68.25770624647232 42.78131749329842, -68.25824349444959 42.73629391943512, -68.31138783508437 42.714112108050976, -68.36403494948252 42.73693023101108, -68.36357431171395 42.78195480207798, -68.31038994623894 42.804160291244))",POINT (-68.31088946390695 42.759136379644964),p2019-02-26-8d,2019-02-26,2019-03-02,2019-03-05,,8660.745671141436
c108-h5000m,"POLYGON ((-68.20448530040038 42.80347351512186, -68.15184188969485 42.78058232712273, -68.15245573786862 42.735559903556286, -68.2056364001266 42.71342747943672, -68.25824349444959 42.73629391943512, -68.25770624647232 42.78131749329842, -68.20448530040038 42.80347351512186))",POINT (-68.20506151150207 42.75845067804612),p2019-02-26-8d,2019-02-26,2019-03-02,2019-03-05,,8661.255795301378
c109-h5000m,"POLYGON ((-68.09858463272573 42.80268880991172, -68.04598176999289 42.77974931375129, -68.0466722069245 42.73472819354819, -68.09988892188167 42.71264522789525, -68.15245573786862 42.735559903556286, -68.15184188969485 42.78058232712273, -68.09858463272573 42.80268880991172))",POINT (-68.09923752651471 42.75766720054928),p2019-02-26-8d,2019-02-26,2019-03-02,2019-03-05,,8661.106846268443
c110-h5000m,"POLYGON ((-67.99268847247673 42.801806186506674, -67.94012641584406 42.77881846474125, -67.94089342866897 42.7337988009377, -67.99414592675899 42.711765364262625, -68.0466722069245 42.73472819354819, -68.04598176999289 42.77974931375129, -67.99268847247673 42.801806186506674))",POINT (-67.99341803677768 42.75678595801897),p2019-02-26-8d,2019-02-26,2019-03-02,2019-03-05,,8661.347494117455
c111-h5000m,"POLYGON ((-67.88679734877275 42.80082565715818, -67.83427635557561 42.77778979300605, -67.83511993000415 42.73277173860436, -67.88840794102686 42.710787900726125, -67.94089342866897 42.7337988009377, -67.94012641584406 42.77881846474125, -67.88679734877275 42.80082565715818))",POINT (-67.88760356998206 42.755806962674505),p2019-02-26-8d,2019-02-26,2019-03-02,2019-03-05,,6231.854803079471
c112-h5000m,"POLYGON ((-67.78091179057405 42.79974723547546, -67.72843211734777 42.77666331281486, -67.7293522376659 42.73164702077999, -67.78267549079607 42.70971285082371, -67.83511993000415 42.73277173860436, -67.83427635557561 42.77778979300605, -67.78091179057405 42.79974723547546))",POINT (-67.7817946536606 42.754730228089436),p2019-02-02-8d,2019-02-02,2019-02-06,2019-02-09,,4561.153127395088
c113-h5000m,"POLYGON ((-67.67503232666517 42.79857093642502, -67.62259422913712 42.775439039792055, -67.62359087820732 42.73042466304794, -67.67694910200319 42.708540229443514, -67.7293522376659 42.73164702077999, -67.72843211734777 42.77666331281486, -67.67503232666517 42.79857093642502))",POINT (-67.67599181517107 42.753555769191),p2019-02-02-8d,2019-02-02,2019-02-06,2019-02-09,,8662.759622601881
c114-h5000m,"POLYGON ((-67.56915948563824 42.79729677632998, -67.51676321871994 42.774116990916504, -67.5178363779821 42.729104682342594, -67.5712293003943 42.70727005282319, -67.62359087820732 42.73042466304794, -67.62259422913712 42.775439039792055, -67.56915948563824 42.79729677632998))",POINT (-67.57019558167984 42.752283602259546),p2019-02-02-8d,2019-02-02,2019-02-06,2019-02-09,,8662.629282237851
c115-h5000m,"POLYGON ((-67.46329379587627 42.795924772869405, -67.4109396136557 42.77269718452089, -67.4120892631282 42.727687096948586, -67.46551661150828 42.70590233854922, -67.5178363779821 42.729104682342594, -67.51676321871994 42.774116990916504, -67.46329379587627 42.795924772869405))",POINT (-67.46440648014507 42.75091374492772),p2019-02-02-8d,2019-02-02,2019-02-06,2019-02-09,,8663.532984809906
c116-h5000m,"POLYGON ((-67.35743578553662 42.794454945077575, -67.30512394127035 42.771179640290924, -67.30635005955108 42.72617192650006, -67.35981156066048 42.70443710555627, -67.4120892631282 42.727687096948586, -67.4109396136557 42.77269718452089, -67.35743578553662 42.794454945077575))",POINT (-67.3586250373004 42.749446216179905),p2019-02-02-8d,2019-02-02,2019-02-06,2019-02-09,,8663.055249394078
c117-h5000m,"POLYGON ((-67.25158598253432 42.79288731334319, -67.19931672863984 42.769564379264615, -67.20061929290748 42.724559191979836, -67.2541146729262 42.70287437412629, -67.30635005955108 42.72617192650006, -67.30512394127035 42.771179640290924, -67.25158598253432 42.79288731334319))",POINT (-67.25285177963822 42.747881036351394),p2019-02-02-8d,2019-02-02,2019-02-06,2019-02-09,,8662.169429080075
c118-h5000m,"POLYGON ((-67.14574491452552 42.79122189940855, -67.09351850257359 42.76785142383127, -67.09489748858871 42.72284891571861, -67.14842647312426 42.7012141658878, -67.20061929290748 42.724559191979836, -67.19931672863984 42.769564379264615, -67.14574491452552 42.79122189940855))",POINT (-67.14708723339322 42.74621822712746),p2019-02-02-8d,2019-02-02,2019-02-06,2019-02-09,,8665.116907481355
c119-h5000m,"POLYGON ((-67.03991310889086 42.78945872636861, -66.98772978959788 42.76604079773068, -66.98918517170446 42.72104112139396, -67.04274748580058 42.6994565038149, -67.09489748858871 42.72284891571861, -67.09351850257359 42.76785142383127, -67.03991310889086 42.78945872636861))",POINT (-67.041331924526 42.74445781154255),p2019-02-02-8d,2019-02-02,2019-02-06,2019-02-09,,3020.644114971394
c121-h5000m,"POLYGON ((-68.99882926777548 42.87377685970117, -68.94583240859723 42.8512507835516, -68.9458717103253 42.80622399836433, -68.99883096602886 42.78372324926357, -69.05178937553187 42.80622508004267, -69.05182697901184 42.85125186692489, -68.99882926777548 42.87377685970117))",POINT (-68.99883011787843 42.82875023218274),p2019-01-25-8d,2019-01-25,2019-01-29,2019-02-01,,4330.566166542555
c122-h5000m,"POLYGON ((-68.89279624781355 42.87372667658001, -68.83983810966605 42.851151579391846, -68.8399543158678 42.80612494940997, -68.89295175622767 42.783673223043294, -68.9458717103253 42.80622399836433, -68.94583240859723 42.8512507835516, -68.89279624781355 42.87372667658001))",POINT (-68.89287409141627 42.82870012756838),p2019-01-25-8d,2019-01-25,2019-01-29,2019-02-01,,8661.080393862057
c123-h5000m,"POLYGON ((-68.7867637656794 42.87357829635407, -68.7338446134456 42.850954255824654, -68.7340377219496 42.80592793455498, -68.78707308134847 42.783525306736564, -68.8399543158678 42.80612494940997, -68.83983810966605 42.851151579391846, -68.7867637656794 42.87357829635407))",POINT (-68.78691860132615 42.828551979468685),p2019-01-25-8d,2019-01-25,2019-01-29,2019-02-01,,8660.755526452
c124-h5000m,"POLYGON ((-68.68073235331036 42.87333172108702, -68.62785245113781 42.85065881559287, -68.62812245833574 42.805632956535035, -68.68119547045453 42.783279502396226, -68.7340377219496 42.80592793455498, -68.7338446134456 42.850954255824654, -68.68073235331036 42.87333172108702))",POINT (-68.68096417810561 42.82830578994189),p2019-01-25-8d,2019-01-25,2019-01-29,2019-02-01,,8661.18009939206
c125-h5000m,"POLYGON ((-68.57470254260981 42.87298695420812, -68.52186215390233 42.85026526280318, -68.52220905474914 42.805240019446, -68.57531945257567 42.78293581343357, -68.62812245833574 42.805632956535035, -68.62785245113781 42.85065881559287, -68.57470254260981 42.87298695420812))",POINT (-68.57501135221843 42.82796156240831),p2019-01-25-8d,2019-01-25,2019-01-29,2019-02-01,,8661.595831694112
c126-h5000m,"POLYGON ((-68.46867486543037 42.8725440005122, -68.41587425283974 42.8497736029258, -68.416298040854 42.80474912874377, -68.46944555669131 42.782494244618235, -68.52220905474914 42.805240019446, -68.52186215390233 42.85026526280318, -68.46867486543037 42.8725440005122))",POINT (-68.46906065407781 42.827519301650085),p2019-01-25-8d,2019-01-25,2019-01-29,2019-02-01,,8660.754079528822
c127-h5000m,"POLYGON ((-68.362649853557 42.87200286615928, -68.30988927897475 42.84918384279435, -68.31038994623894 42.804160291244, -68.36357431171395 42.78195480207798, -68.416298040854 42.80474912874377, -68.41587425283974 42.8497736029258, -68.362649853557 42.87200286615928))",POINT (-68.36311261402973 42.82697901381112),p2019-01-25-8d,2019-01-25,2019-01-29,2019-02-01,7.0,8660.502032072718
c128-h5000m,"POLYGON ((-68.25662803869022 42.871363558674425, -68.20390776323941 42.84849599060554, -68.20448530040038 42.80347351512186, -68.25770624647232 42.78131749329842, -68.31038994623894 42.804160291244, -68.30988927897475 42.84918384279435, -68.25662803869022 42.871363558674425))",POINT (-68.25716776233601 42.82634070639672),p2019-01-25-8d,2019-01-25,2019-01-29,2019-02-01,,8661.000941871576
c129-h5000m,"POLYGON ((-68.15060995242919 42.870626086947475, -68.09793023645626 42.8477100559188, -68.09858463272573 42.80268880991172, -68.15184188969485 42.78058232712273, -68.20448530040038 42.80347351512186, -68.20390776323941 42.84849599060554, -68.15060995242919 42.870626086947475))",POINT (-68.15122662915765 42.82560438827334),p2019-01-25-8d,2019-01-25,2019-01-29,2019-02-01,,8661.175720982339
c130-h5000m,"POLYGON ((-68.04459612625496 42.86979046123256, -67.99195722932154 42.84682604965592, -67.99268847247673 42.801806186506674, -68.04598176999289 42.77974931375129, -68.09858463272573 42.80268880991172, -68.09793023645626 42.8477100559188, -68.04459612625496 42.86979046123256))",POINT (-68.04528974453802 42.8247700696682),p2019-01-25-8d,2019-01-25,2019-01-29,2019-02-01,1.0,6386.031467684056
c139-h5000m,"POLYGON ((-67.09075100883412 42.85785526697803, -67.03849103009003 42.83445924813899, -67.03991310889086 42.78945872636861, -67.09351850257359 42.76785142383127, -67.14574491452552 42.79122189940855, -67.14439950818894 42.83622518258899, -67.09075100883412 42.85785526697803))",POINT (-67.09213634551718 42.812853540967),p2019-02-02-8d,2019-02-02,2019-02-06,2019-02-09,,9157.070698785996
c159-h5000m,"POLYGON ((-67.03563704759931 42.92445911189876, -66.98334352830223 42.901037455891384, -66.98480897697334 42.856038965139284, -67.03849103009003 42.83445924813899, -67.09075100883412 42.85785526697803, -67.08936248390563 42.902856601717126, -67.03563704759931 42.92445911189876))",POINT (-67.0370656792841 42.87945937670009),p2019-02-02-8d,2019-02-02,2019-02-06,2019-02-09,,4780.422231656648
